조식_밥,조식_국,조식_반찬
호두죽/쌀밥,된장찌개,쥐어채무침
팥죽/쌀밥,호박젓국찌개,시래기조림
표고버섯죽/쌀밥,콩나물국,느타리호박볶음
닭죽/쌀밥,근대국,멸치볶음
쇠고기죽/쌀밥,재첩국,방풍나물
견과류죽/쌀밥,감자찌개,명엽채무침
고구마죽/쌀밥,봄동된장국,숙주나물
잣죽/쌀밥,민물새우찌개,콩조림
단호박죽/쌀밥,어묵국,김구이
흑임자죽/쌀밥,북어계란국,무생채
계란후라이,선지해장국,톳두부무침
밤죽/쌀밥,홍합탕,오이생채
브로컬리죽/쌀밥,고추장찌개,시금치나물
닭죽/쌀밥,재첩국,참나물땅콩가루무침
김치죽/쌀밥,무채국,애호박나물
쇠고기죽/쌀밥,봄동된장국,어묵볶음
밤죽/쌀밥,꽃게탕,시래기조림
호두죽/쌀밥,콩나물김치국,곰피초장
참치야채죽/쌀밥,올갱이아욱국,오이무침
팥죽/쌀밥,피바지락국,가지볶음
야채죽/쌀밥,시금치국,볼어묵볶음
땅콩죽/쌀밥,무채국,쑥갓무침
새송이죽/쌀밥,호박젓국찌개,유채나물
단호박죽/쌀밥,어묵국,김자반
녹두죽/쌀밥,냉이된장국,명엽채무침
고구마죽/쌀밥,재첩국,검정콩조림
흑임자죽/쌀밥,황태국,미역줄기볶음
해물죽/쌀밥,쇠고기무국,브로컬리들깨찜
홍게살죽/쌀밥,시래기국,느타리호박볶음
브로컬리죽/쌀밥,오징어국,숙주나물
표고버섯죽/쌀밥,들깨미역국,방풍나물
김치죽/쌀밥,무채국,김실파무침
참치야채죽/쌀밥,선지해장국,브로컬리초장
새송이버섯죽/쌀밥,근대국,쑥갓두부무침
밤죽/쌀밥,순두부국,크랜베리멸치볶음
견과류죽/쌀밥,콩나물국,진미채무침
새우살죽/쌀밥,두부김치국,미역레몬초무침
야채죽/쌀밥,쇠고기버섯국,오이무침
닭죽/쌀밥,감자국,참나물무침
늙은호박죽/쌀밥,바지락쑥국,마늘쫑무침
녹두죽/쌀밥,민물새우찌개,구이김
잣죽/쌀밥,근대국,마늘쫑무침
양송이죽/쌀밥,두부젓국찌개,미역줄기볶음
팥죽/쌀밥,꽃게탕,방풍나물
흑임자죽/쌀밥,열무된장국,진미채무침
고구마죽/쌀밥,대구찌개,콩조림
견과류죽/쌀밥,고추장찌개,김자반
쇠고기죽/쌀밥,얼갈이된장국,감자채볶음
브로컬리죽/쌀밥,황태국,콩나물무침
새우살죽/쌀밥,재첩국,시금치나물
흑임자죽/쌀밥,감자국,오이무침
표고버섯죽/쌀밥,콩나물국,곤약어묵볶음
홍게살죽/쌀밥,김치국,느타리볶음
늙은호박죽/쌀밥,선지해장국,비름나물
고구마죽/쌀밥,아욱국,숙주나물
땅콩죽/쌀밥,차돌박이찌개,김구이
녹두죽/쌀밥,연두부탕,열무나물
닭죽/쌀밥,매운어묵국,감자채볶음
표고버섯죽/쌀밥,우거지해장국,마늘쫑볶음
김치죽/쌀밥,우렁살된장국,진미채무침
야채죽/쌀밥,호박젓국찌개,김자반
팥죽/쌀밥,재첩국,오이도라지무침
밤죽/쌀밥,콩나물김치국,브로컬리들깨찜
호두죽/쌀밥,들깨미역국,진미채무침
브로컬리죽/쌀밥,근대국,감자채볶음
홍게살죽/쌀밥,느타리버섯국,호박나물
야채죽/쌀밥,북어계란국,취나물
흑임자죽/쌀밥,아욱국,노각무침
잣죽/쌀밥,연두부탕,김자반
새우살죽/쌀밥,콩나물국,느타리볶음
쇠고기죽/쌀밥,민물새우찌개,어묵볶음
양송이죽/쌀밥,대구찌개,명엽채무침
단호박죽/쌀밥,근대국,머위대나물
땅콩죽/쌀밥,얼갈이된장국,미역레몬초무침
녹두죽/쌀밥,콩나물국,김구이
김치죽/쌀밥,올갱이아욱국,검정콩조림
소라살죽/쌀밥,어묵국,마늘쫑무침
밤죽/쌀밥,피바지락국,브로컬리초장
흑임자죽/쌀밥,미역국,멸치캐슈넛볶음
새우살죽/쌀밥,쇠고기무국,가지나물
팥죽/쌀밥,홍초콩나물국,김자반
야채죽/쌀밥,황태국,애호박나물
홍게살죽/쌀밥,무채국,사각어묵무침
견과류죽/쌀밥,두부김치국,명엽채무침
고구마죽/쌀밥,아욱국,오이생채
늙은호박죽/쌀밥,느타리버섯국,숙주나물
참치야채죽/쌀밥,꽃게탕,취나물
잣죽/쌀밥,쇠고기무국,멸치고추장무침
녹두죽/쌀밥,동태찌개,새송이버섯볶음
쇠고기죽/쌀밥,시금치국,감자채볶음
표고버섯죽/쌀밥,콩나물국,고구마순나물
닭죽/쌀밥,우거지해장국,느타리호박볶음
야채죽/쌀밥,근대된장국,진미채무침
흑임자죽/쌀밥,김치콩나물국,김자반
팥죽/쌀밥,오징어국,노각무침
홍게살죽/쌀밥,북어계란국,검정콩조림
밤죽/쌀밥,된장찌개,비름나물
땅콩죽/쌀밥,북어콩나물국,쥐어채무침
녹두죽/쌀밥,새우살미역국,느타리볶음
잣죽/쌀밥,동태찌개,애호박나물
단호박죽/쌀밥,소고기무국,가지나물
브로컬리죽/쌀밥,시금치국,볼어묵조림
호두죽/쌀밥,무채국,두부조림
표고버섯죽/쌀밥,꽃게탕,시금치나물
닭죽/쌀밥,느타리버섯국,명엽채무침
쇠고기죽/쌀밥,김치콩나물국,멸치호두볶음
김치죽/쌀밥,근대국,머위대나물
흑임자죽/쌀밥,감자국,마늘쫑볶음
홍게살죽/쌀밥,쇠고기무국,숙주미나리나물
참치야채죽/쌀밥,대구찌개,고구마순나물
새송이죽/쌀밥,새알미역국,진미채무침
팥죽/쌀밥,두부김치국,김자반
땅콩죽/쌀밥,시금치국,명엽채무침
녹두죽/쌀밥,어묵국,콩자반
양송이죽/쌀밥,무채국,오이무침
해물죽/쌀밥,근대된장국,버섯볶음
닭죽/쌀밥,북어계란국,멸치볶음
누룽지탕/쌀밥,민물새우찌개,김실파무침
김치죽/쌀밥,바지락콩나물국,시래기나물
누룽지탕/쌀밥,고추장찌개,브로컬리들깨찜
새우살죽/쌀밥,감자국,숙주나물
쇠고기죽/쌀밥,북어국,애호박나물
보리누룽지탕/쌀밥,근대국,사각어묵볶음
단호박죽/쌀밥,오징어국,새송이볶음
누룽지탕/쌀밥,차돌박이찌개,김자반
야채죽/쌀밥,느타리버섯국,크랜베리멸치볶음
홍게살죽/쌀밥,동태찌개,아삭고추무침
누룽지탕/쌀밥,김치두부국,명엽채무침
야채죽/쌀밥,올갱이아욱국,호박볶음
누룽지탕/쌀밥,새우살미역국,고구마순나물
녹두죽/쌀밥,쇠고기샤브국,참나물땅콩무침
해물죽/쌀밥,감자국,가지볶음
잣죽/쌀밥,북어국,진미채무침
누룽지탕/쌀밥,어묵국,콩나물무침
흑임자죽/쌀밥,우거지해장국,미역줄기볶음
쇠고기죽/쌀밥,오징어국,도라지나물
잣죽/쌀밥,우거지해장국,새송이버섯볶음
호박죽/쌀밥,조랭이떡미역국,꽈리고추찜
누룽지탕/쌀밥,북어국,애호박볶음
고구마죽/쌀밥,시금치국,김잔파무침
누룽지탕/쌀밥,민물새우찌깨,도라지나물
누룽지탕/쌀밥,느타리버섯국,김자반
야채죽/쌀밥,근대국,명엽채무침
크림누룽지탕/쌀밥,대구찌개,곤약어묵볶음
김치죽/쌀밥,콩나물국,고구마순나물
팥죽/쌀밥,맑은만두육개장,가지나물
누룽지탕/쌀밥,호박젓국찌개,감자조림
해물죽/쌀밥,콩나물된장국,구이김
누룽지탕/쌀밥,쇠고기무국,진미채무침
늙은호박죽/쌀밥,김치두부국,취나물
땅콩죽/쌀밥,아욱된장국,미역줄기볶음
누룽지탕/쌀밥,꽃게탕,김자반
새송이죽/쌀밥,감자국,멸치볶음
누룽지탕/쌀밥,북어해장국,김구이
잣죽/쌀밥,쇠고기미역국,명엽채무침
누룽지탕/쌀밥,버섯들깨탕,김가루실파무침
쇠고기죽/쌀밥,된장찌개,브로컬리들깨무침
크림누룽지탕/쌀밥,김치국,숙주나물
누룽지탕/쌀밥,꽃게탕,미역줄기볶음
흑임자죽/쌀밥,민물새우찌개,도라지나물
수삼닭죽/쌀밥,맑은만두육개장,무생채
누룽지탕/쌀밥,감자국,치커리무침
단호박죽/쌀밥,콩나물국,크랜베리멸치볶음
견과류죽/쌀밥,북어채국,김자반
누룽지탕/쌀밥,어묵국,감자채볶음
해물죽/쌀밥,고추장찌개,구구마순나물
팥죽/쌀밥,연두부탕,시래기조림
홍게살죽/쌀밥,호박젓국찌개,검정콩조림
양송이죽/쌀밥,오징어국,미역나물
누룽지탕/쌀밥,얼큰소고기국,김구이
브로컬리죽/쌀밥,김치두부국,꽈리고추찜
누룽지탕/쌀밥,아욱국,진미채무침
흑임자죽/쌀밥,감자국,명엽채무침
녹두죽/쌀밥,매운버섯국,시금치나물
누룽지탕/쌀밥,북어해장국,감자채볶음
늙은호박죽/쌀밥,고추장찌개,연근조림
누룽지탕/쌀밥,쇠고기무국,콩나물무침
누룽지탕/쌀밥,어묵국,고구마순나물
견과류죽/쌀밥,근대국,오이무침
누룽지탕/쌀밥,연두부찌개,마늘쫑맛살볶음
호박죽/쌀밥,모시조개시금치국,가지나물
야채죽/쌀밥,콩나물국,쥐포무침
누룽지탕/쌀밥,들깨미역국,호박볶음
쇠고기죽/쌀밥,아욱된장국,콩조림
누룽지탕/쌀밥,대구찌개,김자반
양송이죽/쌀밥,시래기국,두부조림
닭죽/쌀밥,김치두부국,브로컬리들깨무침
누룽지탕/쌀밥,북어해장국,김잔파무침
크림누룽지탕/쌀밥,고추장찌개,청포묵무침
누룽지탕/쌀밥,맑은만두육개장,시금치나물
야채죽/쌀밥,어묵탕,마늘쫑무침
흑임자죽/쌀밥,건새우무국,가지두반장볶음
누룽지탕/쌀밥,감자국,진미채무침
밤죽/쌀밥,피바지락국,시래기조림
누룽지탕/쌀밥,얼큰소고기국,우엉조림
홍게살죽/쌀밥,호박젓국찌개,미역줄기볶음
팥죽/쌀밥,근대된장국,콩나물무침
누룽지탕/쌀밥,콩나물국,쑥갓두부무침
해물죽/쌀밥,무채국,명엽채무침
누룽지탕/쌀밥,재첩국,꽈리고추찜
단호박죽/쌀밥,아욱국,숙주미나리나물
녹두죽/쌀밥,꽃게탕,느타리버섯볶음
누룽지탕/쌀밥,호박젓국찌개,치커리무침
새우살죽/쌀밥,어묵국,방풍나물
누룽지탕/쌀밥,고추장찌개,김자반
땅콩죽/쌀밥,배추된장국,쥐포무침
팥죽/쌀밥,황태국,새송이볶음
누룽지탕/쌀밥,무채국,오이무침
흑임자죽/쌀밥,북어계란국,애호박나물
누룽지탕/쌀밥,냉이국,두부조림
닭죽/쌀밥,호박젓국찌개,시래기조림
해물죽/쌀밥,얼갈이국,진미채무침
누룽지탕/쌀밥,토란국,꽃맛살볶음
크림누룽지탕/쌀밥,선지해장국,검정콩조림
누룽지탕/쌀밥,연두부탕,미역줄기볶음
참치야채죽/쌀밥,어묵국,콩나물무침
잣죽/쌀밥,재첩국,김구이
누룽지탕/쌀밥,김치두부국,멸치볶음
해물죽/쌀밥,열무된장국,미니새송이볶음
누룽지탕/쌀밥,쇠고기매운국,김자반
양송이죽/쌀밥,근대국,명엽채무침
호박죽/쌀밥,고추장찌개,시금치나물
누룽지탕/쌀밥,아욱국,쥐포무침
홍게살죽/쌀밥,민물새우찌개,브로컬리들깨찜
누룽지탕/쌀밥,북어계란국,느타리호박볶음
새송이죽/쌀밥,감자국,유채나물
쇠고기죽/쌀밥,매운어묵국,취나물
누룽지탕/쌀밥,냉이된장국,콩자반
새우살죽/쌀밥,차돌박이찌개,톳무침
누룽지탕/쌀밥,토란탕,진미채무침
밤죽/쌀밥,연두부탕,오이무침
쇠고기죽/쌀밥,김치국,겨울초나물
누룽지탕/쌀밥,느타리버섯국,두부조림
해물죽/쌀밥,근대국,숙주나물
누룽지탕/쌀밥,맑은만두육개장,미역줄기볶음
흑임자죽/쌀밥,재첩국,마늘쫑무침
크림누룽지탕/쌀밥,북어국,무채나물
누룽지탕/쌀밥,고추장찌개,취나물
팥죽/쌀밥,열무된장국,어묵볶음
누룽지탕/쌀밥,꽃게탕,명엽채무침
땅콩죽/쌀밥,민물새우찌개,브로컬리무침
소라살죽/쌀밥,콩나물김치국,새송이볶음
누룽지탕/쌀밥,북어계란국,가지나물
단호박죽/쌀밥,근대국,느타리볶음
누룽지탕/쌀밥,두부젓국찌개,김자반
야채죽/쌀밥,오징어국,크래미숙주무침
땅콩죽/쌀밥,꽃게탕,김구이
누룽지탕/쌀밥,황태국,검정콩조림
시금치죽/쌀밥,선지해장국,연근조림
새송이죽/쌀밥,홍합탕,겨울초겉절이
누룽지탕/쌀밥,콩나물김치국,느타리호박볶음
양송이죽/쌀밥,재첩국,가지나물
호박죽/쌀밥,아욱된장국,어묵볶음
누룽지탕/쌀밥,감자국,오이무침
닭죽/쌀밥,맑은연두부탕,참나물생채
누룽지탕/쌀밥,봄동된장국,진미채무침
표고버섯죽/쌀밥,민물새우찌개,브로컬리들깨찜
누룽지탕/쌀밥,북어국,아삭고추무침
고구마죽/쌀밥,김치콩나물국,새송이볶음
홍게살죽/쌀밥,근대국,무생채
누룽지탕/쌀밥,달래된장찌개,크랜베리멸치볶음
해물죽/쌀밥,고추장찌개,김가루실파무침
누룽지탕/쌀밥,꽃게탕,명엽채무침
녹두죽/쌀밥,호박젓국찌개,가지나물
쇠고기죽/쌀밥,아욱된장국,두부조림
누룽지탕/쌀밥,건새우무채국,김구이
팥죽/쌀밥,시금치된장국,콩자반
잣죽/쌀밥,매운감자국,시래기조림
표고버섯죽/쌀밥,쇠고기우거지국,참나물
누룽지탕/쌀밥,시래기된장국,쑥갓두부무침
단호박죽/쌀밥,북어해장국,가지나물
땅콩죽/쌀밥,맑은만두육개장,아삭고추무침
누룽지탕/쌀밥,재첩국,유채나물
야채죽/쌀밥,대구찌개,미역줄기볶음
누룽지탕/쌀밥,감자국,어묵볶음
견과류죽/쌀밥,된장찌개,느타리볶음
새우살죽/쌀밥,두부젓국찌개,쥐포무침
누룽지탕/쌀밥,쑥국,브로컬리들깨찜
흑임자죽/쌀밥,김치두부국,김자반
누룽지탕/쌀밥,어묵국,미역줄기볶음
홍게살죽/쌀밥,들깨감자국,오이생채
김치죽/쌀밥,콩나물국,김실파무침
누룽지탕/쌀밥,꽃게탕,명엽채볶음
참치야채죽/쌀밥,선지해장국,시래기조림
누룽지탕/쌀밥,건새우아욱국,진미채무침
브로컬리죽/쌀밥,배추맑은국,두부조림
양송이죽/쌀밥,시래기들깨탕,느타리호박볶음
누룽지탕/쌀밥,닭곰탕,대추채멸치볶음
쇠고기죽/쌀밥,두부김치국,미역나물
누룽지탕/쌀밥,감자국,무생채
팥죽/쌀밥,콩나물국,꽃맛살볶음
크림누룽지탕/쌀밥,차돌박이찌개,검정콩조림
홍게살죽/쌀밥,두부들깨탕,단배추나물
견과류죽/쌀밥,김치황태국,가지나물
누룽지탕/쌀밥,콩나물국,쥐포무침
표고버섯죽/쌀밥,민물새우찌개,취나물
누룽지탕/쌀밥,쇠고기해장국,유채나물
밤죽/쌀밥,두부젓국찌개,느타리볶음
늙은호박죽/쌀밥,근대국,마늘쫑건새우볶음
누룽지탕/쌀밥,어묵국,땅콩조림
김치죽/쌀밥,감자국,멸치호두볶음
누룽지탕/쌀밥,오징어국,김구이
녹두죽/쌀밥,매운버섯국,쑥갓두부무침
닭죽/쌀밥,피바지락국,명엽채무침
누룽지탕/쌀밥,근대감자국,김자반
팥죽/쌀밥,콩나물국,우엉어묵볶음
누룽지탕/쌀밥,된장찌개,검정콩조림
야채죽/쌀밥,북어해장국,애호박볶음
흑임자죽/쌀밥,조랭이떡국,오이무침
시금치죽/쌀밥,황태국,김구이
홍게살죽/쌀밥,시래기된장국,진미채무침
누룽지탕/쌀밥,열무된장국,멸치크랜베리볶음
김치죽/쌀밥,어묵국,김구이
누룽지탕/쌀밥,감자국,청경채무침
해물죽/쌀밥,호박젓국찌개,가지나물
누룽지탕/쌀밥,민물새우찌개,쑥갓두부무침
야채죽/쌀밥,북어채국,브로컬리들깨찜
누룽지탕/쌀밥,대구매운탕,검정콩조림
참치죽/쌀밥,우거지해장국,명엽채무침
단호박죽/쌀밥,김치두부국,시금치나물
크림누룽지탕/쌀밥,어묵국,숙주나물
땅콩죽/쌀밥,오징어국,김가루실파무침
누룽지탕/쌀밥,닭곰탕,애호박볶음
브로컬리죽/쌀밥,감자국,열무나물
팥죽/쌀밥,맑은만두육개장,꽈리고추찜
누룽지탕/쌀밥,미역국,대추채멸치볶음
수삼닭죽/쌀밥,소고기무국,비름나물
누룽지탕/쌀밥,두부젓국찌개,자반김
밤죽/쌀밥,동태찌개,브로컬리들깨소스
홍게살죽/쌀밥,건새우아욱국,감자채볶음
누룽지탕/쌀밥,쇠고기버섯국,쥐포무침
호두죽/쌀밥,김치두부국,호박나물
누룽지탕/쌀밥,어묵국,땅콩조림
고구마죽/쌀밥,대구찌개,시래기조림
누룽지탕/쌀밥,오징어국,느타리볶음
표고버섯죽/쌀밥,민물새우찌개,쑥갓두부무침
누룽지탕/쌀밥,쇠고기무국,마늘쫑건새우볶음
김치죽/쌀밥,시금치국,진미채무침
녹두죽/쌀밥,북어국,미역줄기볶음
누룽지탕/쌀밥,꽃게탕,김구이
양송이죽/쌀밥,무채국,비름나물
누룽지탕/쌀밥,동태찌개,새송이버섯볶음
팥죽/쌀밥,열무된장국,검정콩조림
잣죽/쌀밥,조랭이떡국,꽈리고추찜
누룽지탕/쌀밥,김치두부국,느타리버섯볶음
해물죽/쌀밥,호박잎찌개,김자반
누룽지탕/쌀밥,쇠고기매운국,고구마순나물
참치죽/쌀밥,고추장찌개,브로컬리두부무침
쇠고기죽/쌀밥,시래기국,오이무침
누룽지탕/쌀밥,된장찌개,가지나물
밤죽/쌀밥,두부젓국찌개,명엽채무침
누룽지탕/쌀밥,오징어국,호박볶음
녹두죽/쌀밥,쇠고기무국,지리멸치볶음
단호박죽/쌀밥,꽃게탕,땅콩조림
누룽지탕/쌀밥,무청된장국,쥐포무침
야채죽/쌀밥,황태국,열무나물
누룽지탕/쌀밥,바지락국,오이도라지무침
팥죽/쌀밥,연두부탕,느타리볶음
새우살죽/쌀밥,우거지해장국,깻순나물
누룽지탕/쌀밥,김치순두부찌개,브로컬리된장무침
잣죽/쌀밥,콩나물국,김자반
누룽지탕/쌀밥,쇠고기미역국,시래기조림
녹두죽/쌀밥,건새우아욱국,진미채무침
흑임자죽/쌀밥,차돌박이찌개,검정콩조림
누룽지탕/쌀밥,시금치국,김구이
김치죽/쌀밥,오징어국,고구마줄기볶음
누룽지탕/쌀밥,민물새우찌개,숙주나물
호박죽/쌀밥,무청된장국,새송이버섯볶음
크림누룽지탕/쌀밥,동태찌개,취나물
누룽지탕/쌀밥,두부김치국,명엽채무침
수삼닭죽/쌀밥,북어국,오이무침
누룽지탕/쌀밥,호박젓국찌개,미역줄기볶음
쇠고기죽/쌀밥,대구찌개,도라지나물
땅콩죽/쌀밥,감자국,김실파무침
누룽지탕/쌀밥,된장찌개,김자반
야채죽/쌀밥,들깨버섯국,연근조림
누룽지탕/쌀밥,열무된장국,콩나물무침
홍게살죽/쌀밥,우거지해장국,영양부추생채
고구마죽/쌀밥,무채국,시금치나물
누룽지탕/쌀밥,김치국,감자조림
쇠고기죽/쌀밥,고추장찌개,문어꽈리초조림
누룽지탕/쌀밥,황태국,느타리애호박볶음
양송이죽/쌀밥,차돌박이찌개,멸치볶음
버섯죽/쌀밥,북어해장국,시금치프리타타
잣죽/쌀밥,감자국,버섯볶음
누룽지탕/쌀밥,연두부국,얼갈이나물
새우살죽/쌀밥,어묵국,고구마줄기볶음
흑임자죽/쌀밥,호박새우젓찌개,김자반
누룽지탕/쌀밥,근대국,명엽채무침
해물죽/쌀밥,매운버섯국,취나물
누룽지탕/쌀밥,오징어국,도라지볶음
홍게살죽/쌀밥,무채국,미역줄기볶음
단호박죽/쌀밥,대구찌개,깻순나물
누룽지탕/쌀밥,아욱국,진미채무침
표고버섯죽/쌀밥,민물새우찌개,꽈리고추찜
누룽지탕/쌀밥,어묵국,참나물무침
팥죽/쌀밥,얼갈이된장국,콩나물무침
닭죽/쌀밥,감자국,브로컬리들깨찜
누룽지탕/쌀밥,두부김치국,숙주나물
새우살죽/쌀밥,대구찌개,무나물
누룽지탕/쌀밥,선지해장국,연근조림
흑임자죽/쌀밥,오징어국,김구이
야채죽/쌀밥,재첩국,미역줄기볶음
누룽지탕/쌀밥,무청된장국,김자반
잣죽/쌀밥,고추장찌개,콩조림
누룽지탕/쌀밥,쇠고기무국,시래기조림
소라살죽/쌀밥,북어해장국,파래무침
소고기죽/쌀밥,콩나물국,오이무침
누룽지탕/쌀밥,어묵국,느타리호박볶음
견과류죽/쌀밥,매운버섯국,꽈리고추찜
크림누룽지탕/쌀밥,아욱국,명엽채무침
양송이죽/쌀밥,올챙이만두국,열무나물
홍게살죽/쌀밥,김치두부국,멸치크랜베리볶음
잣죽/쌀밥,북어국,김자반
누룽지탕/쌀밥,꽃게탕,두부조림
쇠고기죽/쌀밥,감자국,볼어묵볶음
누룽지탕/쌀밥,호박젓국찌개,마늘쫑볶음
누룽지탕/쌀밥,시래기국,김구이
흑임자죽/쌀밥,무채국,동전쥐포무침
누룽지탕/쌀밥,오징어국,단배추나물
땅콩죽/쌀밥,선지해장국,연근조림
닭죽/쌀밥,김치국,멸치볶음
누룽지탕/쌀밥,호박젓국찌개,명엽채무침
양송이죽/쌀밥,재첩국,검정콩조림
누룽지탕/쌀밥,동태탕,시래기조림
야채죽/쌀밥,아욱국,호박나물
단호박죽/쌀밥,피바지락국,콩나물무침
누룽지탕/쌀밥,황태국,오이무침
홍게살죽/쌀밥,두부젓국찌개,고구마순나물
누룽지탕/쌀밥,꽃게탕,감자채햄볶음
밤죽/쌀밥,감자국,진미채무침
팥죽/쌀밥,콩나물김치국,미역나물
누룽지탕/쌀밥,차돌박이찌개,김구이
새송이죽/쌀밥,콩나물김치국,땅콩멸치볶음
누룽지탕/쌀밥,선지해장국,우엉조림
닭죽/쌀밥,고추장찌개,문어꽈리초조림
고구마죽/쌀밥,무채국,브로컬리초장
누룽지탕/쌀밥,민물새우찌개,김자반
야채죽/쌀밥,올챙이만두국,콩나물무침
누룽지탕/쌀밥,대구매운탕,아삭고추무침
새우살죽/쌀밥,시래기국,어묵볶음
크림누룽지탕/쌀밥,홍합탕,단배추나물
누룽지탕/쌀밥,호박젓국찌개,진미채무침
양송이죽/쌀밥,김치두부국,꽈리고추찜
누룽지탕/쌀밥,버섯매운탕,땅콩조림
쇠고기죽/쌀밥,콩나물국,김잔파무침
김치죽/쌀밥,북어국,멸치크랜베리볶음
누룽지탕/쌀밥,감자국,브로컬리들깨찜
표고버섯죽/쌀밥,맑은만두육개장,호박나물
단호박죽/쌀밥,차돌박이찌개,시금치나물
누룽지탕/쌀밥,고추장찌개,도라지나물
땅콩죽/쌀밥,피바지락국,미역줄기볶음
누룽지탕/쌀밥,콩나물국,명엽채볶음
흑임자죽/쌀밥,버섯매운탕,감자채햄볶음
누룽지탕/쌀밥,매생이굴국,숙주나물
팥죽/쌀밥,홍합탕,아삭고추무침
소라살죽/쌀밥,닭개장,연근조림
누룽지탕/쌀밥,북어국,김잔파무침
닭죽/쌀밥,선지해장국,감자조림
누룽지탕/쌀밥,김치국,치커리유자청무침
녹두죽/쌀밥,어묵국,꽈리고추찜
땅콩죽/쌀밥,꽃게탕,두부쑥갓무침
누룽지탕/쌀밥,호박젓국찌개,쥐포무침
야채죽/쌀밥,대구매운탕,감자채볶음
누룽지탕/쌀밥,쇠고기무국,멸치볶음
양송이죽/쌀밥,고추장찌개,김자반
김치죽/쌀밥,시금치된장국,브로컬리무침
잣죽/쌀밥,김치두부국,진미채무침
누룽지탕/쌀밥,북어콩나물국,새송이볶음
견과류죽/쌀밥,피바지락국,치커리사과무침
해물죽/쌀밥,냉이된장국,마늘쫑건새우볶음
흑임자죽/쌀밥,시래기국,명엽채무침
누룽지탕/쌀밥,어묵국,치커리사과무침
닭죽/쌀밥,선지해장국,브로컬리들깨찜
시금치죽/쌀밥,매생이굴국,가지두반장볶음
누룽지탕/쌀밥,민물새우찌개,김자반
견과류죽/쌀밥,감자국,멸치볶음
누룽지탕/쌀밥,유부김치국,두부쑥갓무침
녹두죽/쌀밥,닭개장,감자채볶음
야채죽/쌀밥,콩나물국,미역줄기볶음
누룽지탕/쌀밥,감자고추장찌개,시금치나물
홍게살죽/쌀밥,열무된장국,느타리호박볶음
누룽지탕/쌀밥,대구매운탕,아삭고추무침
브로컬리죽/쌀밥,호박젓국찌개,검정콩조림
팥죽/쌀밥,피바지락국,고구마순볶음
누룽지탕/쌀밥,쇠고기무국,두부양념조림
양송이죽/쌀밥,조랭이미역국,꽈리고추찜
누룽지탕/쌀밥,홍합탕,시래기조림
땅콩죽/쌀밥,달래된장찌개,김잔파무침
해물죽/쌀밥,감자국,톳두부무침
누룽지탕/쌀밥,꽃게탕,김구이
크림누룽지탕/쌀밥,매생이떡국,카레감자볶음
누룽지탕/쌀밥,콩가루배추국,명엽채무침
흑임자죽/쌀밥,피바지락국,마늘쫑건새우무침
호박죽/쌀밥,맑은만두육개장,곰피초장
누룽지탕/쌀밥,황태국,애호박나물
닭죽/쌀밥,선지해장국,김자반
누룽지탕/쌀밥,연두부국,브로컬리들깨찜
양송이죽/쌀밥,쇠고기미역국,마늘쫑무침
김치죽/쌀밥,오징어국,꽈리고추찜
누룽지탕/쌀밥,봄동된장국,숙주나물
새우살죽/쌀밥,북어계란국,도라지나물
땅콩죽/쌀밥,콩나물국,어묵볶음
누룽지탕/쌀밥,시래기된장국,진미채무침
잣죽/쌀밥,민물새우찌개,단배추나물
누룽지탕/쌀밥,꽃게탕,감자채볶음
녹두죽/쌀밥,느타리버섯국,우엉조림
야채죽/쌀밥,호박젓국찌개,가지나물
누룽지탕/쌀밥,쑥국,애호박나물
땅콩죽/쌀밥,올챙이만두국,브로컬리들깨찜
누룽지탕/쌀밥,바지락국,시금치나물
팥죽/쌀밥,감자국,명엽채무침
누룽지탕/쌀밥,시래기국,오이무침
닭죽/쌀밥,선지해장국,쑥갓두부무침
누룽지탕/쌀밥,고추장찌개,크렌베리멸치볶음
단호박죽/쌀밥,무채국,콩나물무침
해물죽/쌀밥,오징어국,김자반
누룽지탕/쌀밥,호박젓국찌개,브로컬리초장
야채죽/쌀밥,황태국,느타리호박볶음
누룽지탕/쌀밥,조랭이미역국,아삭고추무침
잣죽/쌀밥,근대국,김잔파무침
단호박죽/쌀밥,김치콩나물국,취나물
누룽지탕/쌀밥,감자국,두부조림
흑임자죽/쌀밥,꽃게탕,미역줄기볶음
누룽지탕/쌀밥,대구찌개,도라지나물
양송이죽/쌀밥,아욱국,진미채무침
녹두죽/쌀밥,고추장찌개,검정콩조림
누룽지탕/쌀밥,민물새우찌개,김구이
닭죽/쌀밥,무채국,문어꽈리초조림
누룽지탕/쌀밥,조랭이떡국,시금치나물
김치죽/쌀밥,냉이된장국,멸치볶음
견과류죽/쌀밥,오징어국,청포묵무침
누룽지탕/쌀밥,미역국,연근조림
해물죽/쌀밥,콩가루배추국,감자채볶음
누룽지탕/쌀밥,김치콩나물국,모둠묵*장
팥죽/쌀밥,선지해장국,가지나물
참치야채죽/쌀밥,황태국,김잔파무침
누룽지탕/쌀밥,시금치된장국,명엽채무침
표고버섯죽/쌀밥,감자국,느타리볶음
누룽지탕/쌀밥,들깨시래기국,브로컬리초장
땅콩죽/쌀밥,두부젓국찌개,취나물
쇠고기죽/쌀밥,김치두부국,김자반
누룽지탕/쌀밥,북어계란국,숙주나물
고구마죽/쌀밥,옹심이만두떡국,어묵볶음
누룽지탕/쌀밥,대구찌개,비름나물
녹두죽/쌀밥,고추장찌개,마늘쫑새우볶음
호박죽/쌀밥,오징어국,콩나물무침
누룽지탕/쌀밥,감자국,김구이
야채죽/쌀밥,들깨버섯국,도토리묵무침
누룽지탕/쌀밥,아욱된장국,감자채피망볶음
팥죽/쌀밥,꽃게탕,콩자반
잣죽/쌀밥,냉이된장국,진미채무침
누룽지탕/쌀밥,북어해장국,애호박나물
누룽지탕/쌀밥,떡국,숙주나물
참치죽/쌀밥,호밧젓국찌개,멸치볶음
새우살죽/쌀밥,콩나물김치국,브로컬리*초장
누룽지탕/쌀밥,들깨미역국,아삭고추무침
표고버섯죽/쌀밥,열무된장국,김가루실파무침
흑임자죽/쌀밥,매운버섯국,마늘쫑볶음
쇠고기죽/쌀밥,북어계란국,오이사과무침
누룽지탕/쌀밥,어묵국,땅콩조림
호박죽/쌀밥,쇠고기무국,가지나물
누룽지탕/쌀밥,오징어국,쑥갓두부무침
양송이죽/쌀밥,선지해장국,브로컬리들깨찜
녹두죽/쌀밥,동태탕,명엽채무침
누룽지탕/쌀밥,북어계란국,도라지나물
누룽지탕/쌀밥,감자국,마늘쫑무침
닭죽/쌀밥,김치순두부찌개,도토리묵*장
흑임자죽/쌀밥,소고기미역국,꽈리고추찜
누룽지탕/쌀밥,열무된장국,진미채볶음
잣죽/쌀밥,황태국,우엉조림
누룽지탕/쌀밥,맑은만두육개장,참나물땅콩무침
해물죽/쌀밥,콩나물김치국,감자채볶음
버섯죽/쌀밥,민물새우찌개,숙주나물
누룽지탕/쌀밥,시금치된장국,구운어묵볶음
견과류죽/쌀밥,꽃게탕,김구이
야채죽/쌀밥,호박젓국찌개,아삭고추무침
김치죽/쌀밥,아욱국,청포묵무침
누룽지탕/쌀밥,감자국,문어꽈리초조림
새우살죽/쌀밥,동태탕,느타리볶음
녹두죽/쌀밥,매운버섯국,김자반
팥죽/쌀밥,북어해장국,깻순나물
누룽지탕/쌀밥,김치국,멸치볶음
잣죽/쌀밥,순두부찌개,연근조림
누룽지탕/쌀밥,누룽지탕/쌀밥/새우죽,애호박나물
양송이죽/쌀밥,호박젓국찌개,김구이
호박죽/쌀밥,열무된장국,숙주나물무침
누룽지탕/쌀밥,무채국,김잔파무침
견과류죽/쌀밥,차돌박이찌개,취나물무침
누룽지탕/쌀밥,감자고추장찌개,꽈리고추찜
닭죽/쌀밥,오징어국,노각무침
크림누룽지탕/쌀밥,조랭이떡국,콩나물무침
누룽지탕/쌀밥,연두부탕,명엽채무침
밤죽/쌀밥,민물새우찌개,검정콩조림
누룽지탕/쌀밥,대구찌개,시금치나물
쇠고기죽/쌀밥,감자국,건새우마늘쫑볶음
해물죽/쌀밥,우거지해장국,브로컬리들깨찜
누룽지탕/쌀밥,김치두부국,김구이
홍게살죽/쌀밥,시래기국,쑥갓두부무침
누룽지탕/쌀밥,동태탕,진미채무침
녹두죽/쌀밥,두부젓국찌개,열무나물
팥죽/쌀밥,오징어국,아삭고추무침
누룽지탕/쌀밥,감자국,동전쥐포무침
흑임자죽/쌀밥,콩나물국,두반장가지볶음
누룽지탕/쌀밥,조랭이떡국,무생채
야채죽/쌀밥,북어해장국,김자반
해물죽/쌀밥,대구찌개,오이무침
누룽지탕/쌀밥,김치국,김구이
새우살죽/쌀밥,들깨버섯국,진미채무침
누룽지탕/쌀밥,새알만두국,애호박나물
참치죽/쌀밥,된장찌개,문어꽈리초조림
소고기죽/쌀밥,건새우아욱국,연근조림
누룽지탕/쌀밥,무채국,김잔파무침
홍게살죽/쌀밥,북어국,숙주나물
누룽지탕/쌀밥,고추장찌개,땅콩조림
야채죽/쌀밥,감자국,느타리볶음
견과류죽/쌀밥,오징어국,시래기조림
누룽지탕/쌀밥,들깨미역국,건새우마늘쫑볶음
밤죽/쌀밥,민물새우찌개,김구이
누룽지탕/쌀밥,대구찌개,깻순나물
브로컬리죽/쌀밥,시금치국,지리멸치볶음
단호박죽/쌀밥,선지해장국,꽈리고추찜
누룽지탕/쌀밥,오징어국,김자반
김치죽/쌀밥,황태국,노각무침
양송이죽/쌀밥,고추장찌개,시래기조림
잣죽/쌀밥,열무된장국,영양부추생채
누룽지탕/쌀밥,감자국,두부쑥갓무침
닭죽/쌀밥,김치국,동전쥐포무침
누룽지탕죽/쌀밥,소고기무국,가지볶음
야채죽/쌀밥,연두부탕,연근조림
녹두죽/쌀밥,무채국,감자조림
누룽지탕/쌀밥,버섯매운국,명엽채무침
팥죽/쌀밥,콩나물국,느타리버섯볶음
누룽지탕/쌀밥,대구탕,검정콩조림
새송이죽/쌀밥,고추장찌개,크랜베리멸치볶음
호두죽/쌀밥,맑은만두육개장,김자반
누룽지탕/쌀밥,동태찌개,진미채무침
참치죽/쌀밥,아욱국,미역줄기볶음
누룽지탕/쌀밥,김치콩나물국,문어꽈리초조림
쇠고기죽/쌀밥,어묵국,아삭고추무침
홍게살죽/쌀밥,열무된장국,가지나물
누룽지탕/쌀밥,감자국,김구이
김치죽/쌀밥,북어해장국,동전쥐포무침
누룽지탕/쌀밥,배추된장국,무나물
야채죽/쌀밥,된장찌개,두부브로컬리무침
해물죽/쌀밥,선지해장국,멸치볶음
누룽지탕/쌀밥,무채국,김자반
잣죽/쌀밥,열무된장국,연근조림
누룽지탕/쌀밥,떡국,숙주나물
양송이죽/쌀밥,콩나물국,취나물무침
해물죽/쌀밥,오징어국,오이무침
누룽지탕/쌀밥,된장찌개,멸치볶음
누룽지탕/쌀밥,알탕,시금치나물
쇠고기죽/쌀밥,시래기국,미역나물
홍게살죽/쌀밥,연두부국,진미채무침
누룽지탕/쌀밥,콩나물국,김구이
김치죽/쌀밥,꽃게탕,꽈리고추찜
누룽지탕/쌀밥,북어해장국,모듬묵샐러드
야채죽/쌀밥,새알미역국,연근조림
크림누룽지탕/쌀밥,올갱이아욱국,단배추나물
누룽지탕/쌀밥,김치두부국,가지나물
팥죽/쌀밥,연두부탕,시래기조림
누룽지탕/쌀밥,된장찌개,건새우마늘쫑볶음
잣죽/쌀밥,배추된장국,고구마순나물
녹두죽/쌀밥,우거지해장국,문어꽈리초조림
누룽지탕/쌀밥,들깨버섯국,진미채무침
흑임자죽/쌀밥,무채국,김자반
누룽지탕/쌀밥,민물새우찌개,느타리볶음
고구마죽/쌀밥,피바지락국,유채나물
새우살죽/쌀밥,쇠고기무국,숙주나물
누룽지탕/쌀밥,열무된장국,명엽채볶음
브로컬리죽/쌀밥,북어해장국,김구이
누룽지탕/쌀밥,꽃게탕,어묵꽈리고추볶음
쇠고기죽/쌀밥,선지해장국,가지나물
홍게살죽/쌀밥,근대국,카레감자채볶음
누룽지탕/쌀밥,김치국,멸치볶음
호박죽/쌀밥,홍합탕,마늘쫑무침
누룽지탕/쌀밥,맑은만두국,무나물
해물죽/쌀밥,대구매운탕,숙주나물
잣죽/쌀밥,어묵국,미역줄기볶음
누룽지탕/쌀밥,얼갈이국,꽃맛살볶음
땅콩죽/쌀밥,무채국,동전쥐포무침
누룽지탕/쌀밥,오징어국,꽈리고추찜
흑임자죽/쌀밥,된장찌개,가지나물
홍게살죽/쌀밥,우거지해장국,진미채무침
누룽지탕/쌀밥,민물새우찌개,김구이
야채죽/쌀밥,감자국,쑥갓두부무침
누룽지탕/쌀밥,재첩국,명엽채무침
견과류죽/쌀밥,냉이된장국,청포묵무침
닭죽/쌀밥,북어국,시금치나물
누룽지탕/쌀밥,고추장찌개,시래기조림
팥죽/쌀밥,바지락국,모듬묵*장
누룽지탕/쌀밥,매생이굴국,감자채볶음
참치야채죽/쌀밥,꽃게탕,진미채무침
김치죽/쌀밥,콩가루배추국,아삭고추무침
누룽지탕/쌀밥,김치국,자반김
호박죽/쌀밥,감자국,미역줄기볶음
누룽지탕/쌀밥,선지해장국,멸치볶음
야채죽/쌀밥,홍합탕,시금치나물
낙지죽/쌀밥,시래기국,쑥갓두부무침
누룽지탕/쌀밥,얼갈이된장국,꽈리고추찜
표고버섯죽/쌀밥,무채국,브로컬리들깨찜
누룽지탕/쌀밥,호박젓국찌개,명엽채무침
녹두죽/쌀밥,버섯매운탕,연근조림
쇠고기죽/쌀밥,북어계란국,톳두부무침
누룽지탕/쌀밥,콩나물김치국,쥐포무침
누룽지탕/쌀밥,꽃게탕,김구이
소라살죽/쌀밥,소고기무국,시래기지짐
양송이죽/쌀밥,대구매운탕,검정콩조림
누룽지탕/쌀밥,된장찌개,단배추나물
누룽지탕/쌀밥,어묵국,김자반
해물죽/쌀밥,감자국,무생채
잣죽/쌀밥,쇠고기샤브국,멸치볶음
누룽지탕/쌀밥,호박젓국찌개,구이김
참치야채/쌀밥,냉이된장국,모듬묵*장
누룽지탕/쌀밥,매생이굴국,브로컬리들깨무침
야채죽/쌀밥,선지해장국,미역줄기볶음
호박죽/쌀밥,바지락국,무채나물
누룽지탕/쌀밥,북어국,진미채무침
닭죽/쌀밥,근대국,땅콩조림
누룽지탕/쌀밥,소고기무국,곰피초장
밤죽/쌀밥,동태찌개,열무된장나물
홍게살죽/쌀밥,홍합탕,김잔파무침
누룽지탕/쌀밥,감자국,김자반
양송이죽/쌀밥,버섯매운탕,꽈리고추찜
누룽지탕/쌀밥,대구탕,두부양념조림
쇠고기죽/쌀밥,김치두부국,느타리호박볶음
고구마죽/쌀밥,오징어국,어묵볶음
누룽지탕/쌀밥,무채국,진미채무침
닭죽/쌀밥,북어해장국,땅콩조림
누룽지탕/쌀밥,콩나물국,치커리사과무침
단팥죽/쌀밥,꽃게탕,마늘쫑볶음
야채죽/쌀밥,바지락국,새송이버섯볶음
견과류죽/쌀밥,김치두부국,김자반
누룽지탕/쌀밥,시래기국,멸치볶음
누룽지탕/쌀밥,콩나물국,두부쑥갓무침
땅콩죽/쌀밥,동태찌개,아삭고추무침
누룽지탕/쌀밥,조랭이미역국,쥐포무침
표고버섯죽/쌀밥,호박젓국찌개,브로컬리초장
녹두죽/쌀밥,홍합탕,시금치나물
누룽지탕/쌀밥,냉이된장국,명엽채무침
잣죽/쌀밥,감자국,꽈리고추찜
누룽지탕/쌀밥,대구탕,느타리호박볶음
호박죽/쌀밥,황태국,가지나물
해물죽/쌀밥,맑은만두육개장,땅콩조림
누룽지탕/쌀밥,어묵탕,시금치나물
견과류죽/쌀밥,연두부탕,모듬묵*장
누룽지탕/쌀밥,된장찌개,도라지나물
소고기죽/쌀밥,김치국,아삭고추무침
누룽지탕/쌀밥,감자국,김구이
닭죽/쌀밥,냉이된장국,미역레몬초무침
누룽지탕/쌀밥,들깨무채국,멸치볶음
단팥죽/쌀밥,동태탕,감자채볶음
야채죽/쌀밥,조랭이떡국,실곤약흑임자무침
누룽지탕/쌀밥,연두부탕,유채나물
새우살죽/쌀밥,호박젓국찌개,검정콩조림
누룽지탕/쌀밥,꽃게탕,김자반
흑임자죽/쌀밥,오징어국,도라지생채
고구마죽/쌀밥,매운버섯국,미역줄기볶음
누룽지탕/쌀밥,민물새우찌개,쥐포무침
땅콩죽/쌀밥,황태국,꽈리고추찜
누룽지탕/쌀밥,대구찌개,김잔파무침
녹두죽/쌀밥,감자국,멸치아몬드볶음
낙지김치죽/쌀밥,옹심이만두떡국,유채나물
누룽지탕/쌀밥,김치국,김자반
잣죽/쌀밥,닭곰탕,연두부*양념장
누룽지탕/쌀밥,된장찌개,애호박나물
수삼닭죽/쌀밥,쇠고기버섯국,시금치나물
야채죽/쌀밥,고추장찌개,도라지나물
누룽지탕/쌀밥,시금치국,김구이
고구마죽/쌀밥,달래된장찌개,진미채무침
누룽지탕/쌀밥,만두국,땅콩조림
흑임자죽/쌀밥,호박젓국찌개,마늘쫑볶음
야채죽/쌀밥,소고기무국,김치도토리묵무침
누룽지탕/쌀밥,북어국,멸치볶음
팥죽/쌀밥,미역국,쑥갓두부무침
누룽지탕/쌀밥,피바지락국,미역줄기볶음
김치죽/쌀밥,근대국,김자반
홍게살죽/쌀밥,대구매운탕,꽈리고추찜
누룽지탕/쌀밥,오징어국,땅콩아몬드조림
견과류죽/쌀밥,김치콩나물국,두부양념조림
누룽지탕/쌀밥,꽃게탕,김잔파무침
녹두죽/쌀밥,재첩국,호박나물
해물죽/쌀밥,무채국,시금치나물
누룽지탕/쌀밥,북어해장국,두반장가지볶음
새우살죽/쌀밥,맑은순두부국,검정콩조림
누룽지탕/쌀밥,콩나물국,미역줄기볶음
흑임자죽/쌀밥,감자국,아삭고추된장무침
야채죽/쌀밥,닭곰탕,도토리묵*장
누룽지탕/쌀밥,건새우아욱국,김구이
참치죽/쌀밥,꽃게탕,시래기조림
잣죽/쌀밥,호박젓국찌개,멸치볶음
팥죽/쌀밥,조랭이떡국,두부쑥갓무침
누룽지탕/쌀밥,미역국,명엽채무침
양송이죽/쌀밥,소고기무국,브로컬리들깨찜
누룽지탕/쌀밥,김치두부국,문어꽈리초조림
단호박죽/쌀밥,고추장찌개,가지나물
누룽지탕/쌀밥,황태국,시금치나물
야채죽/쌀밥,감자국,느타리볶음
누룽지탕/쌀밥,오징어국,김구이
녹두죽/쌀밥,배추된장국,멸치볶음
쇠고기죽/쌀밥,콩나물국,쥐포무침
누룽지탕/쌀밥,무채국,김자반
흑임자죽/쌀밥,동태탕,애호박나물
누룽지탕/쌀밥,근대국,머위대나물
잣죽/쌀밥,미역국,오징어젓갈무침
고구마죽/쌀밥,어묵탕,감자조림
누룽지탕/쌀밥,들깨시래기국,김가루잔파무침
땅콩죽/쌀밥,호박젓국찌개,두부쑥갓무침
호박죽/쌀밥,차돌박이찌개,청포묵무침
누룽지탕/쌀밥,맑은만두국,깻순나물
해물죽/쌀밥,감자국,꽈리고추찜
누룽지탕/쌀밥,황태국,진미채무침
새우살죽/쌀밥,미역국,아삭고추무침
누룽지탕/쌀밥,대구매운탕,어묵볶음
야채죽/쌀밥,무채국,멸치볶음
누룽지탕/쌀밥,연두부탕,명엽채무침
고구마죽/쌀밥,시금치국,가지나물
누룽지탕/쌀밥,오징어국,김자반
잣죽/쌀밥,근대국,문어꽈리초조림
팥죽/쌀밥,우거지해장국,열무나물
누룽지탕/쌀밥,들깨미역국,진미채볶음
닭죽/쌀밥,꽃게탕,시금치나물
누룽지탕/쌀밥,해물순두부찌개,멸치볶음
호박죽/쌀밥,민물새우찌개,감자채볶음
야채죽/쌀밥,차돌박이찌개,비름나물
누룽지탕/쌀밥,시래기국,김구이
흑임자죽/쌀밥,콩나물국,무나물
누룽지탕/쌀밥,콩가루배추국,알감자조림
녹두죽/쌀밥,오징어국,참나물생채
소고기죽/쌀밥,감자고추장찌개,우엉조림
누룽지탕/쌀밥,두부젓국찌개,느타리볶음
호박죽/쌀밥,무채국,건새우마늘쫑볶음
누룽지탕/쌀밥,꽃게탕,진미채무침
잣죽/쌀밥,콩나물국,미역줄기볶음
해물죽/쌀밥,황태국,호박채나물
누룽지탕/쌀밥,쇠고기무국,김잔파무침
표고버섯죽/쌀밥,고추장찌개,시금치나물
누룽지탕/쌀밥,동태탕,브로컬리초장
새우살죽/쌀밥,감자국,멸치아몬드볶음
견과류죽/쌀밥,매운버섯국,깻순나물
누룽지탕/쌀밥,무채국,김자반
야채죽/쌀밥,조랭이떡국,가지나물
누룽지탕/쌀밥,연두부탕,명엽채무침
녹두죽/쌀밥,열무된장국,영양부추생채
흑임자죽/쌀밥,콩나물국,연근조림
누룽지탕/쌀밥,호박젓국찌개,김잔파무침
닭죽/쌀밥,감자국,동전문어조림
누룽지탕/쌀밥,시래기국,감자조림
해물죽/쌀밥,올챙이만두국,어묵볶음
잣죽/쌀밥,쇠고기샤브국,애호박나물
누룽지탕/쌀밥,북어해장국,진미채무침
흑임자죽/쌀밥,두부김치국,깻순나물
누룽지탕/쌀밥,열무된장국,멸치볶음
표고버섯죽/쌀밥,민물새우찌개,노각무침
홍게살죽/쌀밥,우거지해장국,땅콩조림
누룽지탕/쌀밥,조랭이떡국,아삭고추무침
녹두죽/쌀밥,감자국,김잔파무침
누룽지탕/쌀밥,새우살미역국,느타리볶음
호박죽/쌀밥,연두부국,가지나물
김치죽/쌀밥,쇠고기무국,쥐포무침
누룽지탕/쌀밥,두부김치국,오이맛살냉채
팥죽/쌀밥,무채국,고구마줄기볶음
누룽지탕/쌀밥,동태탕,소시지감자볶음
해물죽/쌀밥,근대국,볼어묵볶음
누룽지탕/쌀밥,오징어국,김자반
흑임자죽/쌀밥,호박새우젓국,연근조림
누룽지탕/쌀밥,만두국,두부쑥갓무침
야채죽/쌀밥,연두부찌개,마늘쫑볶음
잣죽/쌀밥,된장찌개,실곤약흑임자무침
누룽지탕/쌀밥,감자국,명엽채무침
김치죽/쌀밥,어묵국,꽈리고추찜
누룽지탕/쌀밥,열무된장국,메추리알조림
새우살야채죽/쌀밥,황태해장국,오이사과무침
녹두죽/쌀밥,대구매운탕,느타리볶음
누룽지탕/쌀밥,조랭이떡미역국,동전쥐포무침
땅콩죽/쌀밥,두부김치국,김잔파무침
누룽지탕/쌀밥,시래기국,감자채볶음
야채죽/쌀밥,오징어국,가지나물
해물죽/쌀밥,맑은만두육개장,영양부추생채
누룽지탕/쌀밥,떡국,비트무생채
잣죽/쌀밥,열무된장국,연근조림
누룽지탕/쌀밥,감자국,얼갈이나물
누룽지탕/쌀밥,시래기국,두반장가지볶음
새우살죽/쌀밥,순두부국,검정콩조림
누룽지탕/쌀밥,차돌박이찌개,우엉조림
흑임자죽/쌀밥,감자국,멸치볶음
야채죽/쌀밥,닭개장,도토리묵*장
누룽지탕/쌀밥,배추된장국,진미채무침
고구마죽/쌀밥,대구탕,김구이
누룽지탕/쌀밥,오징어국,시래기조림
땅콩죽/쌀밥,들깨미역국,느타리호박볶음
참치죽/쌀밥,된장찌개,두부쑥갓무침
누룽지탕/쌀밥,콩나물국,꽈리고추찜
누룽지탕/쌀밥,소고기무국,땅콩조림
홍게살죽/쌀밥,황태국,쥐포무침
누룽지탕/쌀밥,감자국,명엽채무침
쇠고기죽/쌀밥,근대국,미역줄기볶음
크림누룽지탕/쌀밥,호박젓국찌개,김자반
닭죽/쌀밥,바지락국,취나물
누룽지탕/쌀밥,얼갈이국,무생채
야채죽/쌀밥,조랭이떡미역국,멸치볶음
누룽지탕/쌀밥,오징어국,김구이
팥죽/쌀밥,시래기국,연근땅콩조림
땅콩죽/쌀밥,김치두부국,도라지나물
누룽지탕/쌀밥,김치콩나물국,김자반
잣죽/쌀밥,소고기무국,두부쑥갓무침
누룽지탕/쌀밥,무채국,꽈리고추찜
김치죽/쌀밥,꽃게된장국,동전쥐포무침
흑임자죽/쌀밥,감자국,열무나물
누룽지탕/쌀밥,두부김치국,땅콩조림
홍게살죽/쌀밥,배추된장국,진미채무침
누룽지탕/쌀밥,황태국,문어꽈리초조림
견과류죽/쌀밥,아욱국,어묵볶음
녹두죽/쌀밥,재첩국,시래기조림
누룽지탕/쌀밥,민물새우찌개,미역줄기볶음
야채죽/쌀밥,연두부국,가지나물
누룽지탕/쌀밥,대구탕,연근조림
소고기죽/쌀밥,피바지락국,도토리묵무침
참치죽/쌀밥,감자국,명엽채무침
누룽지탕/쌀밥,미역국,아삭고추무침
잣죽/쌀밥,북어해장국,연근조림
누룽지탕/쌀밥,조랭이떡국,김자반
해물죽/쌀밥,된장찌개,시래기조림
팥죽/쌀밥,어묵국,무생채
누룽지탕/쌀밥,배추시래기국,김구이
땅콩죽/쌀밥,꽃게된장찌개,감자채볶음
누룽지탕/쌀밥,홍합탕,무비트생채
야채죽/쌀밥,닭곰탕,볼어묵조림
김치죽/쌀밥,콩가루된장국,시금치나물
누룽지탕/쌀밥,콩나물국,쥐포무침
쇠고기죽/쌀밥,감자국,쑥갓두부무침
누룽지탕/쌀밥,무채국,문어꽈리초조림
호박죽/쌀밥,황태국,미역줄기볶음
참치죽/쌀밥,순두부찌개,숙주나물
누룽지탕/쌀밥,대구탕,느타리호박볶음
견과류죽/쌀밥,올갱이아욱국,명엽채무침
누룽지탕/쌀밥,꽃게탕,감자채볶음
소라살죽/쌀밥,어묵국,얼갈이나물
닭죽/쌀밥,배추된장국,김자반
누룽지탕/쌀밥,된장찌개,사과오이초무침
녹두죽/쌀밥,콩나물국,연근조림
누룽지탕/쌀밥,두부떡국,느타리버섯볶음
해물죽/쌀밥,바지락국,소시지볶음
야채죽/쌀밥,닭곰탕,얼갈이겉절이
누룽지탕/쌀밥,맑은순두부국,김구이
잣죽/쌀밥,콩나물국,시래기조림
누룽지탕/쌀밥,차돌박이된장찌개,미역줄기볶음
참치야채죽/쌀밥,만두국,우엉간장조림
소고기죽/쌀밥,동태찌개,느타리버섯장조림
누룽지탕/쌀밥,순두부탕,어묵꽈리고추볶음
새우살죽/쌀밥,꽃게탕,진미채무침
크림누룽지탕/쌀밥,미역국,감자채볶음
홍게살죽/쌀밥,홍합탕,멸치아몬드볶음
누룽지탕/쌀밥,콩나물김치국,김자반
고구마죽/쌀밥,열무된장국,두부쑥갓무침
누룽지탕/쌀밥,북어계란국,콩나물무침
단호박죽/쌀밥,대구탕,미역줄기볶음
누룽지탕/쌀밥,연두부탕,김구이
견과류죽/쌀밥,매생이떡국,숙주나물
누룽지탕/쌀밥,어묵국,감자채볶음
소라살죽/쌀밥,북어해장국,두부양념조림
닭죽/쌀밥,콩비지찌개,연근조림
누룽지탕/쌀밥,고추장찌개,김자반
흑임자죽/쌀밥,감자양파국,멸치볶음
누룽지탕/쌀밥,차돌박이찌개,볼어묵조림
녹두죽/쌀밥,조랭이떡국,우엉조림
팥죽/쌀밥,무채국,연두부*장
누룽지탕/쌀밥,오징어국,명엽채무침
표고버섯죽/쌀밥,동태탕,봄동겉절이
누룽지탕/쌀밥,재첩국,딤섬
땅콩죽/쌀밥,피바지락배추국,크래미숙주무침
누룽지탕/쌀밥,김치두부국,쥐포무침
고구마죽/쌀밥,꽃게탕,미역줄기볶음
누룽지탕/쌀밥,감자국,오징어젓갈무침
잣죽/쌀밥,대구탕,느타리호박볶음
누룽지탕/쌀밥,시금치국,김구이
양송이죽/쌀밥,된장찌개,진미채무침
누룽지탕/쌀밥,만두국,땅콩조림
흑임자죽/쌀밥,호박젓국찌개,마늘쫑볶음
야채죽/쌀밥,소고기무국,김치도토리묵무침
누룽지탕/쌀밥,새우살미역국,통아몬드멸치볶음
녹두죽/쌀밥,떡국,알감자조림
누룽지탕/쌀밥,무채국,두부양념조림
크림누룽지탕/쌀밥,북어맑은국,참나물무침
호박죽/쌀밥,꽃게탕,숙주나물무침
누룽지탕/쌀밥,김치두부국,꽈리고추찜
견과류죽/쌀밥,얼갈이된장국,쥐포무침
누룽지탕/쌀밥,오징어국,김잔파무침
새우살죽/쌀밥,감자국,볼어묵볶음
팥죽/쌀밥,버섯매운탕,땅콩조림
누룽지탕/쌀밥,민물새우찌개,명엽채무침
잣죽/쌀밥,봄동된장국,시금치초무침
누룽지탕/쌀밥,홍합탕,감자채볶음
홍게살죽/쌀밥,연두부탕,가지나물
닭죽/쌀밥,호박젓국찌개,김자반
누룽지탕/쌀밥,무채국,연두부*참깨드레싱소스
녹두죽/쌀밥,황태국,꽈리고추멸치볶음
누룽지탕/쌀밥,연두부국,감자조림
해물죽/쌀밥,맑은만두육개장,숙주나물무침
김치죽/쌀밥,어묵국,시래기조림
누룽지탕/쌀밥,차돌박이찌개,진미채볶음
단호박죽/쌀밥,근대된장국,방풍나물무침
누룽지탕/쌀밥,북어해장국,콩나물무침
흑임자죽/쌀밥,재첩국,볼어묵조림
참치야채죽/쌀밥,시래기된장국,오이맛살볶음
누룽지탕/쌀밥,냉이된장국,땅콩멸치볶음
표고버섯죽/쌀밥,유부김치국,호박나물
누룽지탕/쌀밥,근대국,쥐포무침
쇠고기죽/쌀밥,콩나물국,미역줄기볶음
야채죽/쌀밥,꽃게탕,가지두반장볶음
누룽지탕/쌀밥,감자국,꽈리고추찜
잣죽/쌀밥,쑥국,수제어묵볶음
누룽지탕/쌀밥,피홍합탕,감자조림
새송이죽/쌀밥,버섯매운탕,김구이
팥죽/쌀밥,북어계란국,느타리호박볶음
누룽지탕/쌀밥,김치어묵국,명엽채고추장볶음
녹두죽/쌀밥,콩나물국,해초무침
누룽지탕/쌀밥,조랭이떡국,김자반
브로컬리죽/쌀밥,바지락국,비엔나소세지볶음
낙지죽/쌀밥,동태탕,애호박나물
누룽지탕/쌀밥,북어국,단배추나물
땅콩죽/쌀밥,소고기국,물파래무침
누룽지탕/쌀밥,오징어국,어묵토마토조림
김치죽/쌀밥,차돌박이찌개,느타리팽이볶음
흑임자죽/쌀밥,새알만두국,연근조림
누룽지탕/쌀밥,감자국,마늘쫑건새우볶음
고구마죽/쌀밥,조갯살근대국,비엔나야채볶음
누룽지탕/쌀밥,조랭이떡미역국,아귀채무침
홍게살죽/쌀밥,순두부백탕*간장,콩나물무침
누룽지탕/쌀밥,어묵국,진미채무침
호박죽/쌀밥,아욱된장국,깻잎순나물볶음
누룽지탕/쌀밥,떡국,두부구이*양념
해물죽/쌀밥,황태두부국,유채된장무침
콩죽/쌀밥,매운콩나물국,섭산적구이
누룽지탕/쌀밥,참치김치찌개,쑥갓두부무침
흑임자죽/쌀밥,건새우아욱국,매운감자조림
누룽지탕/쌀밥,콩가루배춧국,콩나물간장조림
누룽지탕/쌀밥,소고기무우국,방울양배추베이컨볶음
녹두죽/쌀밥,호박새우젓국,브로콜리감자볶음
누룽지탕/쌀밥,홍합살미역국,미나리숙주무침
새알팥죽/쌀밥,오징어콩나물국,고사리들깨나물
누룽지탕/쌀밥,조랭이떡국,죽순버섯볶음
단호박죽/쌀밥,시금치된장국,들기름무채볶음
새우야채죽/쌀밥,건새우무채국,두부계란전*양념장
누룽지탕/쌀밥,맑은조개탕,시금치두부무침
소고기죽/쌀밥,감자양파국,치커리오이무침
누룽지탕/쌀밥,떡국,건파래무침
쇠고기죽/쌀밥,새우완자국,아삭고추무침
녹두죽/쌀밥,옹심이만두국,취나물된장무침
누룽지탕/쌀밥,오징어무국,쥐포무침
닭죽/쌀밥,꽃게탕,건새우마늘쫑볶음
누룽지탕/쌀밥,북어해장국,열무나물
야채죽/쌀밥,맑은꽃게탕,느타리버섯볶음
참치죽/쌀밥,두부김치국,감자조림
누룽지탕/쌀밥,올챙이만두국,무생채
해물죽/쌀밥,동태탕,칠리소스두부브로컬리볶음
누룽지탕/쌀밥,피바지락국,진미채볶음
소고기죽/쌀밥,수제비국,김구이
팥죽/쌀밥,시래기국,쑥갓겉절이
누룽지탕/쌀밥,어묵국,오이사과무침
김치죽/쌀밥,고추장찌개,치커리유자무침
누룽지탕/쌀밥,북어국,호박채나물
버섯들깨죽/쌀밥,차돌박이찌개,계란찜
누룽지탕/쌀밥,소고기샤브국,햄야채볶음
호박죽/쌀밥,된장찌개,골뱅이무침
해물죽/쌀밥,순두부탕,노각무침
녹두죽/쌀밥,건새우무채국,쑥갓두부무침
누룽지탕/쌀밥,참치김치찌개,느타리버섯장조림
콩죽/쌀밥,북어무우국,베이컨숙주굴소스볶음
누룽지탕/쌀밥,꽃게탕,메추리알곤약조림
콘스프/쌀밥,닭살해장국,가지두반장볶음
쇠고기마늘죽/쌀밥,순두부찌개,고기완자전*케찹
누룽지탕/쌀밥,맑은감자국,삼겹살김치볶음
채소죽/쌀밥,맑은버섯육개장,상추+양념장
누룽지탕/쌀밥,맑은콩나물국,양상추샐러드
표고버섯죽/쌀밥,피바지락국,양상추샐러드
소고기스프/쌀밥,미역국,양상추샐러드
새알팥죽/쌀밥,두부새우젓국,양상추샐러드
누룽지탕/쌀밥,떡국,양상추샐러드
누룽지탕/흑미밥,냉이된장국,버섯비엔나조림
홍합죽/흑미밥,황태국,미나리나물
양송이스프/흑미밥,소고기무국,연근땅콩조림
참치채소죽/흑미밥,어묵매운국,숙주나물무침
누룽지탕/흑미밥,고추장찌개,시래기조림
누룽지탕/흑미밥,김치콩나물국,베이컨감자볶음
버섯죽/흑미밥,유부장국,어묵고추장볶음
견과류죽/흑미밥,감자양파국,두부고기조림
게살죽/흑미밥,대구매운탕,오이무침
누룽지탕/흑미밥,버섯맑은국,명엽채고추장볶음
누룽지탕/흑미밥,우거지해장국,해물완자전*케찹
소고기죽/흑미밥,오색떡국,어묵고추장무침
녹두죽/흑미밥,근대국,버섯햄볶음
단호박죽/흑미밥,북엇국,돈육장조림
누룽지탕/흑미밥,순두부백탕,양념깻잎찜
누룽지탕/흑미밥,매운콩나물국,멸치볶음
채소죽/흑미밥,시금치된장국,애호박건새우볶음
잣죽/흑미밥,닭살해장국,가지양파무침
미역죽/흑미밥,옹심이만둣국,고들빼기무침
누룽지탕/흑미밥,순두부된장국,참치김치볶음
흑임자죽/흑미밥,호박맑은국,통마늘너비아니조림
낙지죽/흑미밥,우거지올갱이국,메추리알곤약조림
채소죽/흑미밥,북엇국,고기완자전*케찹
누룽지탕/흑미밥,감자양파국,고사리들깨볶음
누룽지탕/흑미밥,김치두부국,진미채간장조림
단호박죽/흑미밥,대구탕,마늘쫑햄볶음
녹두죽/흑미밥,근대국,새우완자전*케찹
오곡죽/흑미밥,콩나물국,애호박볶음
누룽지탕/흑미밥,버섯국,두부고기조림
누룽지탕/흑미밥,매운소고기국,건파래볶음
콩죽/흑미밥,꽃게탕,양념깻잎지
누룽지탕/흑미밥,참치김치찌개,우엉채조림
잣죽/흑미밥,떡국,베이컨숙주볶음
채소죽/흑미밥,감자된장찌개,계란장조림
누룽지탕/흑미밥,콩나물해장국,모둠장조림
흑미두부죽/흑미밥,사골우거지국,고구마순볶음
누룽지탕/흑미밥,호박된장국,느타리버섯볶음
고구마죽/흑미밥,순두부백탕,꽁치김치조림
미역죽/흑미밥,근대국,몽골식돈육볶음
누룽지탕/흑미밥,황태해장국,감자채피망볶음
소고기죽/흑미밥,두부김칫국,새송이조림
누룽지탕/흑미밥,우거지국,콩나물무침
흑임자죽/흑미밥,고추장찌개,야채소시지전*케찹
게살죽/흑미밥,매운어묵국,깻잎순볶음
누룽지탕/흑미밥,호박된장국,연두부샐러드
얼큰낙지죽/흑미밥,냉이국,가자미양념찜
누룽지탕/흑미밥,김칫국,취나물볶음
고구마죽/흑미밥,열무된장국,가지쇠고기볶음
버섯죽/흑미밥,사골파국,오이생채
누룽지탕/흑미밥,유부김칫국,베이컨숙주볶음
누룽지탕/흑미밥,북엇국,메추리알곤약조림
홍합죽/흑미밥,아욱국,비엔나브로콜리볶음
오곡죽/흑미밥,바지락살국,토란탕
누룽지탕/흑미밥,순두부백탕,고기완자전*케찹
누룽지탕/흑미밥,매운버섯국,취나물볶음
잣죽/흑미밥,맑은감자국,연근땅콩조림
바지락죽/흑미밥,참치김치찌개,스팸구이
누룽지탕/흑미밥,들깨무채국,감자맛살볶음
낙지죽/흑미밥,콩나물국,생깻잎지
누룽지탕/흑미밥,순두부계란국,시금치나물
게살죽/흑미밥,냉이바지락국,모둠장조림
누룽지탕/흑미밥,근대국,파래김*양념장
고구마죽/흑미밥,대구지리탕,시래기지짐
흑임자죽/흑미밥,어묵국,가지양파나물
누룽지탕/흑미밥,황태해장국,애호박새우젓볶음
단호박죽/흑미밥,시금치국,고사리들깨볶음
누룽지탕/흑미밥,바지락무국,참치채소볶음
버섯굴죽/흑미밥,된장찌개,비엔나채소볶음
녹두죽/흑미밥,김칫국,양념깻잎지찜
누룽지탕/흑미밥,꽃게탕,느타리버섯볶음
잣죽/흑미밥,소고기무국,연근땅콩조림
누룽지탕/흑미밥,오징어무국,섭산적채소조림
팥죽/흑미밥,배추국,돈육마늘장조림
채소죽/흑미밥,호박새우젓국,해물동그랑땡전
누룽지탕/흑미밥,냉이국,시금치나물무침
흑임자죽/흑미밥,대구지리탕,브로콜리맛살볶음
누룽지탕/흑미밥,떡국,참치김치볶음
채소죽/흑미밥,우거지국,스팸구이
오곡죽/흑미밥,바지락무국,버섯볶음
누룽지탕/흑미밥,전주식콩나물국해장국,양념김
바지락죽/흑미밥,사골우거지국,쑥갓나물
단호박크림스프/흑미밥,냉이국,호박숙
누룽지/흑미밥,맑은감자국,옛날소시지전*케찹
참치채소죽/흑미밥,닭살해장국,더덕무침
누룽지탕/흑미밥,배추된장국,감자햄볶음
게살채소죽/흑미밥,고추장찌개,토란탕
녹두죽/흑미밥,아귀지리탕,돈사태찜
누룽지/흑미밥,순두부백탕,건새우무조림
콩죽/흑미밥,매생이굴국,베이컨숙주볶음
누룽지탕/흑미밥,꽃게탕,호박채볶음
고구마죽/흑미밥,버섯맑은국,연근땅콩조림
잣죽/흑미밥,황태채국,봄동나물
누룽지/흑미밥,사골파국,오이생채
새알팥죽/흑미밥,시금치고추장국,야채소시지전
누룽지탕/흑미밥,아욱국,참치채소볶음
홍합죽/흑미밥,순두부찌개,재래김*양념장
오곡죽/흑미밥,대구지리,새우완자전*케찹
누룽지/흑미밥,냉이바지락국,양념깻잎지
소고기채소죽/흑미밥,콩나물해장국,몽골식돈육볶음
누룽지탕/흑미밥,유부김칫국,브로콜리맛살볶음
버섯죽/흑미밥,호박새우젓국,섭산적조림
단호박죽/흑미밥,황태해장국,매콤사태찜
누룽지/흑미밥,꽃게된장국,두부양념찜
미역소고기죽/흑미밥,들깨무채국,어묵고추장볶음
누룽지탕/흑미밥,콩나물김칫국,고기완자전&케찹
녹두죽/흑미밥,매생이국,베이컨감자볶음
흑임자죽/흑미밥,맑은버섯국,연근호두조림
누룽지탕/흑미밥,홍합살무국,쪽파숙회
누룽지탕/흑미밥,냉이된장국,비엔나곤약조림
고구마죽/흑미밥,꽃게탕,유채나물무침
브로콜리스프/흑미밥,열무된장국,크래미미역줄기볶음
누룽지탕/흑미밥,사골파국,양념깻잎지
영양닭죽/흑미밥,배추된장국,두부동그랑땡
누룽지탕/흑미밥,호박새우젓국,스팸구이
채소죽/흑미밥,참치김치찌개,우엉땅콩조림
양송이스프/흑미밥,들깨무채국,매운사태조림
누룽지탕/흑미밥,동태탕,건파래볶음
낙지죽/흑미밥,황태국,시래기지짐
누룽지탕/흑미밥,꽃게탕,파래김*달래양념장
콩죽/흑미밥,근대된장국,토란탕
크루통크림스프/흑미밥,아귀지리,마늘종숙회
누룽지탕/흑미밥,떡국,해물땡굴소스볶음
흑임자죽/흑미밥,바지락살국,두부조림
누룽지탕/흑미밥,감자양파국,분홍소세지구이*케찹
참치죽/흑미밥,홍합탕,애호박새우젓볶음
