조식_밥,조식_국,조식_반찬,점심_밥,점심_국,점심_반찬,저녁_밥,저녁_국,저녁_반찬
호두죽/쌀밥,된장찌개,쥐어채무침,쌀밥/잡곡밥,오징어찌개,쇠불고기,쌀밥/잡곡밥,육개장,자반고등어구이
팥죽/쌀밥,호박젓국찌개,시래기조림,쌀밥/잡곡밥,김치찌개,가자미튀김,콩나물밥*양념장,어묵국,유산슬
표고버섯죽/쌀밥,콩나물국,느타리호박볶음,카레덮밥,팽이장국,치킨핑거,쌀밥/잡곡밥,청국장찌개,황태양념구이
닭죽/쌀밥,근대국,멸치볶음,쌀밥/잡곡밥,쇠고기무국,주꾸미볶음,미니김밥*겨자장,우동,멕시칸샐러드
쇠고기죽/쌀밥,재첩국,방풍나물,쌀밥/잡곡밥,떡국,돈육씨앗강정,쌀밥/잡곡밥,차돌박이찌개,닭갈비
견과류죽/쌀밥,감자찌개,명엽채무침,쌀밥/잡곡밥,시래기국,훈제오리구이,참치회덮밥,맑은국,군만두
고구마죽/쌀밥,봄동된장국,숙주나물,쌀밥/잡곡밥,꽃게탕,돈육굴소스볶음,쌀밥/잡곡밥,김치콩나물국,미니함박
잣죽/쌀밥,민물새우찌개,콩조림,쌀밥/잡곡밥,시금치국,닭감자조림,쌀밥/잡곡밥,홍합미역국,등갈비김치찜
단호박죽/쌀밥,어묵국,김구이,쌀밥/잡곡밥,쇠고기무국,탕수어,쌀밥/잡곡밥,된장찌개,쇠불고기
흑임자죽/쌀밥,북어계란국,무생채,쌀밥/잡곡밥,냉이된장국,쇠고기장조림,볶음밥*자장소스,맑은국,새우또띠아
계란후라이,선지해장국,톳두부무침,낙지비빔밥,유부장국,고구마치즈구이,쌀밥/잡곡밥,순두부찌개,명태조림
밤죽/쌀밥,홍합탕,오이생채,쌀밥/잡곡밥,대구찌개,마늘간장치킨,쌀밥/잡곡밥,설렁탕,김치전
브로컬리죽/쌀밥,고추장찌개,시금치나물,쌀밥/오곡밥,쇠고기느타리국,갈치구이,쌀밥/잡곡밥,옹심이만두국,떡갈비조림
닭죽/쌀밥,재첩국,참나물땅콩가루무침,쌀밥/잡곡밥,콩나물국,돈육간장볶음,쌀밥/잡곡밥,콩비지찌개,해물까스&타르타르소스
김치죽/쌀밥,무채국,애호박나물,비빔밥,팽이장국,소세지피망볶음,쌀밥/잡곡밥,열무된장국,매운돼지갈비찜
쇠고기죽/쌀밥,봄동된장국,어묵볶음,쌀밥/잡곡밥,북어계란국,닭갈비,김밥,잔치국수,교자만두
밤죽/쌀밥,꽃게탕,시래기조림,쌀밥/잡곡밥,수제비국,오징어볶음,쌀밥/잡곡밥,닭개장,삼치구이
호두죽/쌀밥,콩나물김치국,곰피초장,쌀밥/잡곡밥,얼갈이된장국,제육볶음,쌀밥/잡곡밥,버섯들깨탕,꽁치한마리구이
참치야채죽/쌀밥,올갱이아욱국,오이무침,쌀밥/잡곡밥,쇠고기미역국,주꾸미볶음,쌀밥/잡곡밥,된장찌개,버섯불고기
팥죽/쌀밥,피바지락국,가지볶음,쌀밥/잡곡밥,근대된장국,탕수육,멸치주먹밥,우동,떡볶이
야채죽/쌀밥,시금치국,볼어묵볶음,쌀밥/잡곡밥,부대찌개,가자미튀김,쌀밥/잡곡밥,오징어국,미트볼조림
땅콩죽/쌀밥,무채국,쑥갓무침,쌀밥/잡곡밥,콩나물국,닭갈비,쌀밥/잡곡밥,대구찌개,돈육굴소스볶음
새송이죽/쌀밥,호박젓국찌개,유채나물,쌀밥/잡곡밥,차돌박이찌개,고등어김치말이,카레덮밥,가쯔오장국,수제고로케*케찹
단호박죽/쌀밥,어묵국,김자반,쌀밥/잡곡밥,북어국,돈육장조림,쌀밥/잡곡밥,육개장,생선까스*탈탈소스
녹두죽/쌀밥,냉이된장국,명엽채무침,쌀밥/잡곡밥,고추장찌개,닭데리야끼조림,볶음밥,짬뽕,개성감자만두
고구마죽/쌀밥,재첩국,검정콩조림,쌀밥/잡곡밥,배추된장국,수제돈가스,쌀밥/잡곡밥,연두부탕,코다리무조림
흑임자죽/쌀밥,황태국,미역줄기볶음,쌀밥/잡곡밥,어묵국,돈육고추장볶음,쌀밥/잡곡밥,달래된장찌개,간장찜닭
해물죽/쌀밥,쇠고기무국,브로컬리들깨찜,쌀밥/잡곡밥,쑥국,소불고기,짜장잡채덮밥,계란파국,참치야채전
홍게살죽/쌀밥,시래기국,느타리호박볶음,곤드레밥,콩나물김치국,미니채소떡갈비,쌀밥/잡곡밥,뼈해장국,해물청경채볶음
브로컬리죽/쌀밥,오징어국,숙주나물,쌀밥/잡곡밥,사골우거지국,탕수어,토마토스파게티,양송이스프,미니햄버거
표고버섯죽/쌀밥,들깨미역국,방풍나물,쌀밥/잡곡밥,시금치국,훈제오리구이,쌀밥/잡곡밥,닭곰탕,임연수찜
김치죽/쌀밥,무채국,김실파무침,쌀밥/잡곡밥,꽃게탕,버섯불고기,쌀밥/잡곡밥,수제비국,아귀콩나물찜
참치야채죽/쌀밥,선지해장국,브로컬리초장,쌀밥/잡곡밥,쇠고기샤브국,코다리강정,굴소스파인볶음밥,가쯔오장국,찹쌀순대볶음
새송이버섯죽/쌀밥,근대국,쑥갓두부무침,콩나물밥*달래장,맑은국,치킨텐더*요거트D,쌀밥/잡곡밥,알탕,동그랑땡전
밤죽/쌀밥,순두부국,크랜베리멸치볶음,쌀밥/잡곡밥,북어계란국,쇠고기장조림,참치회덮밥,미소장국,군만두
견과류죽/쌀밥,콩나물국,진미채무침,쌀밥/잡곡밥,닭개장,자반고등어구이,쌀밥/잡곡밥,냉이된장찌개,누룽지탕수육
새우살죽/쌀밥,두부김치국,미역레몬초무침,쌀밥/잡곡밥,얼갈이된장국,닭갈비,쌀밥/잡곡밥,콩비지찌개,유산슬
야채죽/쌀밥,쇠고기버섯국,오이무침,쌀밥/잡곡밥,옹심이만두국,주꾸미볶음,햄볶음밥,유부장국,돈육씨앗강정
닭죽/쌀밥,감자국,참나물무침,봄새싹비빔밥,쪽파국,오징어튀김,쌀밥/잡곡밥,어묵국,등갈비김치찜
늙은호박죽/쌀밥,바지락쑥국,마늘쫑무침,쌀밥/잡곡밥,매운콩나물국,돈육굴소스볶음,주먹밥,잔치국수,또띠아피자
녹두죽/쌀밥,민물새우찌개,구이김,쌀밥/잡곡밥,버섯들깨탕,갈치조림,쌀밥/잡곡밥,쇠고기미역국,순살깐풍기
잣죽/쌀밥,근대국,마늘쫑무침,쌀밥/잡곡밥,순두부찌개,쇠불고기,쌀밥/잡곡밥,된장찌개,고등어조림
양송이죽/쌀밥,두부젓국찌개,미역줄기볶음,쌀밥/잡곡밥,북어국,오징어볶음*소면,김치볶음밥,가쯔오장국,감자치즈구이
팥죽/쌀밥,꽃게탕,방풍나물,쌀밥/잡곡밥,올갱이아욱국,제육볶음,쌀밥/잡곡밥,매운버섯국,찜닭
흑임자죽/쌀밥,열무된장국,진미채무침,쌀밥/잡곡밥,어묵국,매운돼지갈비찜,김밥,우동,야채튀김
고구마죽/쌀밥,대구찌개,콩조림,쌀밥/잡곡밥,배추된장국,순살양념치킨,쌀밥/잡곡밥,오징어국,미니함박
견과류죽/쌀밥,고추장찌개,김자반,쌀밥/잡곡밥,시래기국,훈제오리구이,쌀밥/잡곡밥,쇠고기무국,가자미찜
쇠고기죽/쌀밥,얼갈이된장국,감자채볶음,쌀밥/잡곡밥,부대찌개,쇠고기단호박조림,치킨마요덮밥,유부주머니국,떡볶이
브로컬리죽/쌀밥,황태국,콩나물무침,쌀밥/잡곡밥,수제비국,돈육굴소스볶음,비빔밥,팽이버섯장국,새우또띠아
새우살죽/쌀밥,재첩국,시금치나물,쌀밥/잡곡밥,냉이된장찌개,닭데리야끼조림,쌀밥/잡곡밥,들깨미역국,수제돈가스
흑임자죽/쌀밥,감자국,오이무침,쌀밥/잡곡밥,배추된장국,돈육강정,쌀밥/잡곡밥,꽃게탕,유산슬
표고버섯죽/쌀밥,콩나물국,곤약어묵볶음,쌀밥/잡곡밥,육개장,꽁치한마리구이,낙지비빔밥,유부장국,새싹피자
홍게살죽/쌀밥,김치국,느타리볶음,콩나물밥,근대된장국,매콤떡갈비조림,쌀밥/잡곡밥,어묵국,닭볶음탕
늙은호박죽/쌀밥,선지해장국,비름나물,쌀밥/잡곡밥,대구매운탕,쇠고기볶음,오므라이스,팽이버섯국,해물까스*탈탈소스
고구마죽/쌀밥,아욱국,숙주나물,쌀밥/잡곡밥,북어국,등갈비김치찜,쌀밥/잡곡밥,순두부찌개,탕수어
땅콩죽/쌀밥,차돌박이찌개,김구이,쌀밥/잡곡밥,콩나물국,돈간장불고기,쌀밥/잡곡밥,알탕,순살깐풍기
녹두죽/쌀밥,연두부탕,열무나물,쌀밥/잡곡밥,쇠고기무국,주꾸미볶음,짜장덮밥,맑은국,쇠고기퀘사디아
닭죽/쌀밥,매운어묵국,감자채볶음,나물비빔밥,미소장국,궁중떡찜,쌀밥/잡곡밥,청국장찌개,코다리무조림
표고버섯죽/쌀밥,우거지해장국,마늘쫑볶음,쌀밥/잡곡밥,미역국,양념파닭,참치주먹밥,비빔메밀국수,가쯔오장국
김치죽/쌀밥,우렁살된장국,진미채무침,쌀밥/잡곡밥,돈육김치찌개,미트볼조림,쌀밥/잡곡밥,들깨버섯탕,고추잡채*꽃빵
야채죽/쌀밥,호박젓국찌개,김자반,쌀밥/잡곡밥,시금치국,닭갈비,쌀밥/잡곡밥,북어국,고추장불고기
팥죽/쌀밥,재첩국,오이도라지무침,곤드레밥,무채국,모둠장조림,쌀밥/잡곡밥,부대찌개*라면사리,탕수육
밤죽/쌀밥,콩나물김치국,브로컬리들깨찜,쌀밥/잡곡밥,쇠고기샤브국,오징어볶음,카레덮밥,미소장국,수제미니햄버거
호두죽/쌀밥,들깨미역국,진미채무침,쌀밥/잡곡밥,매운어묵국,훈제오리구이,쌀밥/잡곡밥,닭개장,가자미튀김
브로컬리죽/쌀밥,근대국,감자채볶음,쌀밥/잡곡밥,콩나물국,버섯불고기,김치볶음밥/계란,가쯔오국,찹쌀순대볶음
홍게살죽/쌀밥,느타리버섯국,호박나물,단호박영양밥,시래기된장국,돈육칠리강정,쌀밥/잡곡밥,콩비지찌개,해물누룽지탕
야채죽/쌀밥,북어계란국,취나물,쌀밥/잡곡밥,오징어국,찜닭,돈까스김밥,잔치국수,멕시칸샐러드
흑임자죽/쌀밥,아욱국,노각무침,쌀밥/잡곡밥,된장찌개,매운돼지갈비찜,쌀밥/잡곡밥,쇠고기무국,코다리강정
잣죽/쌀밥,연두부탕,김자반,쌀밥/잡곡밥,감자고추장찌개,돈육굴소스볶음,쌀밥/잡곡밥,닭곰탕,주꾸미볶음
새우살죽/쌀밥,콩나물국,느타리볶음,쌀밥/잡곡밥,들깨버섯탕,고등어김치말이,유부초밥,우동,떡볶이
쇠고기죽/쌀밥,민물새우찌개,어묵볶음,산채비빔밥,미소장국,치킨핑거,쌀밥/잡곡밥,뼈해장국,황태양념구이
양송이죽/쌀밥,대구찌개,명엽채무침,쌀밥/잡곡밥,열무된장국,미니채소떡갈비,새우살볶음밥,팽이장국,사천식탕수육
단호박죽/쌀밥,근대국,머위대나물,쌀밥/잡곡밥,순두부찌개,닭오븐구이,쌀밥/잡곡밥,육개장,꽁치허브구이
땅콩죽/쌀밥,얼갈이된장국,미역레몬초무침,쌀밥/잡곡밥,북어콩나물국,쇠고기불고기,쌀밥/잡곡밥,수제비국,데리야끼파닭
녹두죽/쌀밥,콩나물국,김구이,쌀밥/잡곡밥,한방갈비탕,꼬지삼색전,참치회덮밥,맑은국,고구마치즈구이
김치죽/쌀밥,올갱이아욱국,검정콩조림,낙지볶음밥,미역장국,탕수어,쌀밥/잡곡밥,된장찌개,등갈비김치찜
소라살죽/쌀밥,어묵국,마늘쫑무침,쌀밥/잡곡밥,쇠고기해장국,갈치구이,짜장잡채밥,계란파국,춘권*칠리소스
밤죽/쌀밥,피바지락국,브로컬리초장,쌀밥/잡곡밥,배추된장국,닭양념조림,쌀밥/잡곡밥,꽃게탕,돈육청경채볶음
흑임자죽/쌀밥,미역국,멸치캐슈넛볶음,쌀밥/잡곡밥,콩나물김치국,누룽지탕수육,쌀밥/잡곡밥,해물순두부찌개,미니함박조림
새우살죽/쌀밥,쇠고기무국,가지나물,쌀밥/잡곡밥,근대된장국,닭갈비,참치주먹밥,쌀국수,수제고로케*케찹
팥죽/쌀밥,홍초콩나물국,김자반,열무비빔밥,강된장찌개,오징어튀김,쌀밥/잡곡밥,어묵국,고추장불고기
야채죽/쌀밥,황태국,애호박나물,쌀밥/잡곡밥,오이미역냉국,모둠장조림,날치알볶음밥,유부장국,고추잡채*꽃빵
홍게살죽/쌀밥,무채국,사각어묵무침,쌀밥/잡곡밥,차돌박이찌개,찜닭,쌀밥/잡곡밥,시래기국,수제돈까스
견과류죽/쌀밥,두부김치국,명엽채무침,쌀밥/잡곡밥,북어계란국,돈육굴소스볶음,콩나물밥*양념장,가쯔오장국,미트볼케찹조림
고구마죽/쌀밥,아욱국,오이생채,쌀밥/잡곡밥,참치김치찌개,순살깐풍기,쌀밥/잡곡밥,육개장,자반고등어구이
늙은호박죽/쌀밥,느타리버섯국,숙주나물,쌀밥/잡곡밥,매운콩나물국,돼지갈비찜,충무김밥,열무물국수,오징어무침
참치야채죽/쌀밥,꽃게탕,취나물,쌀밥/잡곡밥,된장찌개,오징어볶음,쌀밥/잡곡밥,어묵국,버섯불고기
잣죽/쌀밥,쇠고기무국,멸치고추장무침,쌀밥/잡곡밥,북어콩나물국,제육볶음,쌀밥/잡곡밥,들깨버섯탕,삼치데리야끼구이
녹두죽/쌀밥,동태찌개,새송이버섯볶음,쌀밥/잡곡밥,배추된장국,닭양념조림,오므라이스,미소장국,훈제오리냉채
쇠고기죽/쌀밥,시금치국,감자채볶음,카레덮밥,맑은국,떡갈비조림,쌀밥/잡곡밥,닭개장,해물청경채볶음
표고버섯죽/쌀밥,콩나물국,고구마순나물,쌀밥/잡곡밥,부대찌개,가자미양념찜,유부초밥,냉모밀국수,치킨핑거*요거트D
닭죽/쌀밥,우거지해장국,느타리호박볶음,쌀밥/잡곡밥,꽃게탕,돈육강정,쌀밥/잡곡밥,소고기미역국,유산슬
야채죽/쌀밥,근대된장국,진미채무침,쌀밥/잡곡밥,어묵국,레몬탕수육,쌀밥/잡곡밥,호박잎찌개,쇠불고기
흑임자죽/쌀밥,김치콩나물국,김자반,쌀밥/잡곡밥,대구찌개,간장치킨,김밥/맑은국,비빔국수,콘샐러드
팥죽/쌀밥,오징어국,노각무침,쌀밥/잡곡밥,시래기국,돈삼겹보쌈,쌀밥/잡곡밥,닭곰탕,찹쌀순대볶음
홍게살죽/쌀밥,북어계란국,검정콩조림,쌀밥/잡곡밥,쇠고기무국,매콤낙지볶음,작은밥/맑은국,토마토스파게티,양송이스프
밤죽/쌀밥,된장찌개,비름나물,쌀밥/잡곡밥,도토리묵냉국,목살데리야끼구이,쌀밥/잡곡밥,순두부찌개,해물누룽지탕
땅콩죽/쌀밥,북어콩나물국,쥐어채무침,쌀밥/잡곡밥,배추된장국,훈제오리구이,쌀밥/잡곡밥,김치찌개,모둠장조림
녹두죽/쌀밥,새우살미역국,느타리볶음,쌀밥/잡곡밥,육개장,고등어구이,볶음밥/짜장소스,계란국,탕수만두
잣죽/쌀밥,동태찌개,애호박나물,쌀밥/잡곡밥,콩나물국,간장돼지갈비찜,쌀밥/잡곡밥,청국장찌개,아귀콩나물찜
단호박죽/쌀밥,소고기무국,가지나물,쌀밥/잡곡밥,버섯들깨찌개,닭오븐구이,주먹밥,김치말이국수,감자버터구이
브로컬리죽/쌀밥,시금치국,볼어묵조림,쌀밥/잡곡밥,수제비국,유자청제육볶음,쌀밥/잡곡밥,차돌박이된장찌개,깐풍기
호두죽/쌀밥,무채국,두부조림,쌀밥/잡곡밥,감자고추장찌개,버섯불고기,쌀밥/잡곡밥,열무된장국,닭볶음탕
표고버섯죽/쌀밥,꽃게탕,시금치나물,쌀밥/잡곡밥,쇠고기미역국,꽁치김치말이찜,굴소스파인볶음밥,맑은국,탕수어
닭죽/쌀밥,느타리버섯국,명엽채무침,곤드레밥,가쯔오장국,닭강정,쌀밥/잡곡밥,시금치국,오징어볶음
쇠고기죽/쌀밥,김치콩나물국,멸치호두볶음,쌀밥/잡곡밥,된장찌개,갈치조림,쌀밥/잡곡밥,함박스테이크,단호박스프
김치죽/쌀밥,근대국,머위대나물,쌀밥/잡곡밥,우무묵냉국,갈릭돈까스,쌀밥/잡곡밥,알탕,고추잡채*꽃빵
흑임자죽/쌀밥,감자국,마늘쫑볶음,쌀밥/잡곡밥,호박잎찌개,돈육굴소스볶음,쌀밥/잡곡밥,부대찌개,가자미튀김
홍게살죽/쌀밥,쇠고기무국,숙주미나리나물,쌀밥/잡곡밥,건새우아욱국,순살파닭,볶음밥,쌀국수,수제핫도그
참치야채죽/쌀밥,대구찌개,고구마순나물,나물비빔밥,오이냉국,사천식탕수육,쌀밥/잡곡밥,쇠고기샤브국,황태양념구이
새송이죽/쌀밥,새알미역국,진미채무침,쌀밥/잡곡밥,배추된장국,매운주꾸미볶음,멸치주먹밥,물냉면,과일샐러드
팥죽/쌀밥,두부김치국,김자반,쌀밥/잡곡밥,북어계란국,등갈비김치찜,쌀밥/잡곡밥,오징어국,쇠고기장조림
땅콩죽/쌀밥,시금치국,명엽채무침,쌀밥/잡곡밥,순두부찌개,돈육떡강정,쌀밥/잡곡밥,느타리버섯국,고등어카레구이
녹두죽/쌀밥,어묵국,콩자반,쌀밥/잡곡밥,시래기국,목살데리야끼,콩나물밥,맑은국,너비아니*부추생채
양송이죽/쌀밥,무채국,오이무침,쌀밥/잡곡밥,사골우거지탕,미트볼조림,쌀밥/잡곡밥,동태찌개,치킨핑거
해물죽/쌀밥,근대된장국,버섯볶음,쌀밥/잡곡밥,우묵콩국,고추장불고기,볶음밥*자장소스,계란파국,유산슬
닭죽/쌀밥,북어계란국,멸치볶음,참치회덮밥,미소장국,고구마치즈구이,쌀밥/잡곡밥,돈육김치찌개,깐풍기
누룽지탕/쌀밥,민물새우찌개,김실파무침,쌀밥/잡곡밥,쇠고기미역국,불닭볶음,쌀밥/잡곡밥,콩가루배추국,돈까스
김치죽/쌀밥,바지락콩나물국,시래기나물,쌀밥/잡곡밥,청국장찌개,미니채소떡갈비,충무김밥,잔치국수,오징어무침
누룽지탕/쌀밥,고추장찌개,브로컬리들깨찜,쌀밥/잡곡밥,시금치국,동파삼겹수육,쌀밥/잡곡밥,어묵국,닭볶음탕
새우살죽/쌀밥,감자국,숙주나물,쌀밥/잡곡밥,꽃게탕,훈제오리냉채,카레라이스,맑은국,순대야채볶음
쇠고기죽/쌀밥,북어국,애호박나물,연복풍덮밥,도토리묵냉국,꽁치오븐구이,쌀밥/잡곡밥,아욱국,등뼈묵은지찜
보리누룽지탕/쌀밥,근대국,사각어묵볶음,쌀밥/잡곡밥,부대찌개*라면사리,갈치구이,쌀밥/잡곡밥,콩나물국,소불고기
단호박죽/쌀밥,오징어국,새송이볶음,열무보리비빔밥,팽이장국,꽃맛살볶음,쌀밥/잡곡밥,짬뽕수제비국,모둠장조림
누룽지탕/쌀밥,차돌박이찌개,김자반,쌀밥/잡곡밥,버섯들깨탕,레몬탕수육,주먹밥,냉모밀국수,소고기퀘사디아
야채죽/쌀밥,느타리버섯국,크랜베리멸치볶음,쌀밥/잡곡밥,복숭아미역냉국,닭데리야끼조림,오므라이스,가쯔오장국,떡볶이
홍게살죽/쌀밥,동태찌개,아삭고추무침,쌀밥/잡곡밥,된장찌개,매콤돼지갈비찜,쌀밥/잡곡밥,쇠고기무국,쭈꾸미볶음
누룽지탕/쌀밥,김치두부국,명엽채무침,쌀밥/잡곡밥,호박잎된장국,유자청제육볶음,쌀밥/잡곡밥,북어국,찜닭
야채죽/쌀밥,올갱이아욱국,호박볶음,쌀밥/잡곡밥,콩나물국,미니함박조림,작은밥,콩국수,멕시칸샐러드
누룽지탕/쌀밥,새우살미역국,고구마순나물,쌀밥/잡곡밥,사과오이냉국,장어강정,쌀밥/잡곡밥,닭개장,해물청경채볶음
녹두죽/쌀밥,쇠고기샤브국,참나물땅콩무침,쌀밥/잡곡밥,시래기국,삼겹살오븐구이,볶음밥,스파게티/크림스프,치킨텐더
해물죽/쌀밥,감자국,가지볶음,불고기덮밥,맑은국,새우까스&탈탈소스,쌀밥/잡곡밥,김치찌개,삼치된장구이
잣죽/쌀밥,북어국,진미채무침,쌀밥/잡곡밥,닭곰탕,고등어조림,김밥볶음밥,미소장국,과일샐러드
누룽지탕/쌀밥,어묵국,콩나물무침,쌀밥/잡곡밥,대구매운탕,오징어볶음,쌀밥/잡곡밥,콩비지찌개,돈육굴소스볶음
흑임자죽/쌀밥,우거지해장국,미역줄기볶음,쌀밥/잡곡밥,열무된장국,갈릭돈가스,유부초밥,김치우동,왕새우튀김
쇠고기죽/쌀밥,오징어국,도라지나물,단호박영양밥,도토리묵냉국,소고기숙주볶음,쌀밥/잡곡밥,된장찌개,훈제오리/무쌈/양파절임
잣죽/쌀밥,우거지해장국,새송이버섯볶음,쌀밥/잡곡밥,꽃게탕,고추잡채*꽃빵,쌀밥/잡곡밥,무채국,돈육볶음
호박죽/쌀밥,조랭이떡미역국,꽈리고추찜,쌀밥/잡곡밥,배추된장국,칠리탕수육,김치볶음밥,유부장국,허니버터옥수수
누룽지탕/쌀밥,북어국,애호박볶음,쌀밥/잡곡밥,해물된장찌개,닭볶음,쌀밥/잡곡밥,감자국,등갈비김치찜
고구마죽/쌀밥,시금치국,김잔파무침,쌀밥/잡곡밥,육개장,동태무조림,콩국수,작은밥,춘권
누룽지탕/쌀밥,민물새우찌깨,도라지나물,쌀밥/잡곡밥,떡국,마늘치킨,쌀밥/잡곡밥,콩나물냉국,주꾸미볶음
누룽지탕/쌀밥,느타리버섯국,김자반,쌀밥/잡곡밥,순두부찌개,소불고기,쌀밥/잡곡밥,차돌박이찌개,닭갈비
야채죽/쌀밥,근대국,명엽채무침,쌀밥/잡곡밥,버섯매운탕,갈치구이,굴소스해물볶음밥,맑은국,수제고로케*케찹
크림누룽지탕/쌀밥,대구찌개,곤약어묵볶음,낙지비빔밥,가쯔오장국,계란말이,쌀밥/잡곡밥,청국장찌개,깐풍육
김치죽/쌀밥,콩나물국,고구마순나물,쌀밥/잡곡밥,오징어국,목살데리야끼,참치주먹밥,로제파스타/스프,고구마치즈구이
팥죽/쌀밥,맑은만두육개장,가지나물,쌀밥/잡곡밥,시래기된장국,닭찜,쌀밥/잡곡밥,알탕,돈육장조림
누룽지탕/쌀밥,호박젓국찌개,감자조림,쌀밥/잡곡밥,쇠고기샤브국,오징어볶음,쌀밥/잡곡밥,어묵국,제육볶음
해물죽/쌀밥,콩나물된장국,구이김,쌀밥/잡곡밥,부대찌개,가자미카레튀김,볶음밥/짜장소스,유부장국,멕시칸샐러드
누룽지탕/쌀밥,쇠고기무국,진미채무침,곤드레밥,두부맑은국,돈육떡강정,쌀밥/잡곡밥,얼갈이된장국,닭오븐구이
늙은호박죽/쌀밥,김치두부국,취나물,쌀밥/잡곡밥,된장찌개,오리고추장볶음,김밥,잔치국수,새우까스*타르타르
땅콩죽/쌀밥,아욱된장국,미역줄기볶음,쌀밥/잡곡밥,황태맑은국,유린기,쌀밥/잡곡밥,쇠고기미역국,자반고등어구이
누룽지탕/쌀밥,꽃게탕,김자반,쌀밥/잡곡밥,시래기국,닭볶음,볶음밥,쌀국수,미니햄버거
새송이죽/쌀밥,감자국,멸치볶음,쌀밥/잡곡밥,토란국,매운돼지갈비찜,쌀밥/잡곡밥,참치김치찌개,주꾸미볶음
누룽지탕/쌀밥,북어해장국,김구이,쌀밥/잡곡밥,어묵국,오리훈제고추장볶음,쌀밥/잡곡밥,수제비국,탕평채
잣죽/쌀밥,쇠고기미역국,명엽채무침,쌀밥/잡곡밥,얼갈이된장국,레몬탕수육,콩나물밥,맑은국,장어강정
누룽지탕/쌀밥,버섯들깨탕,김가루실파무침,열무비빔밥,팽이장국,너비아니구이,쌀밥/잡곡밥,고추장찌개,쇠고기모둠장조림
쇠고기죽/쌀밥,된장찌개,브로컬리들깨무침,쌀밥/잡곡밥,쇠고기무국,임연수찜,유부초밥,꼬지어묵우동,모듬떡볶이
크림누룽지탕/쌀밥,김치국,숙주나물,쌀밥/잡곡밥,오징어국,소고기숙주볶음,쌀밥/잡곡밥,콩나물국,수제돈까스
누룽지탕/쌀밥,꽃게탕,미역줄기볶음,쌀밥/잡곡밥,아욱된장국,유자청돈육볶음,쌀밥/잡곡밥,무채맑은국,갈치조림
흑임자죽/쌀밥,민물새우찌개,도라지나물,쌀밥/잡곡밥,느타리버섯국,간장파닭,쇠고기숙주규동덮밥,미소장국,탕수어
수삼닭죽/쌀밥,맑은만두육개장,무생채,카레덮밥,맑은국,샐러드파스타,쌀밥/잡곡밥,조갯살미역국,미니채소떡갈비
누룽지탕/쌀밥,감자국,치커리무침,쌀밥/잡곡밥,된장찌개,돈육장조림,충무김밥,잔치국수,오징어무침
단호박죽/쌀밥,콩나물국,크랜베리멸치볶음,쌀밥/잡곡밥,우거지해장국,꽁치한마리구이,쌀밥/잡곡밥,근대된장국,돈육강정
견과류죽/쌀밥,북어채국,김자반,쌀밥/잡곡밥,배추된장국,버섯불고기,쌀밥/잡곡밥,콩비지찌개,닭볶음
누룽지탕/쌀밥,어묵국,감자채볶음,쌀밥/잡곡밥,차돌박이찌개,매운주꾸미볶음,쌀밥/잡곡밥,순두부찌개,미니함박조림
해물죽/쌀밥,고추장찌개,구구마순나물,쌀밥/잡곡밥,미역국,한방소갈비찜,작은밥,짬뽕,군만두
팥죽/쌀밥,연두부탕,시래기조림,쌀밥/잡곡밥,대구매운탕,표고돈육탕수,쌀밥/잡곡밥,육개장,코다리엿장조림
홍게살죽/쌀밥,호박젓국찌개,검정콩조림,쌀밥/잡곡밥,쇠고기샤브국,오징어볶음,쌀밥/잡곡밥,콩나물국,돈육굴소스볶음
양송이죽/쌀밥,오징어국,미역나물,쌀밥/잡곡밥,시금치된장국,목살스테이크,김치볶음밥,미소장국,궁중떡볶음
누룽지탕/쌀밥,얼큰소고기국,김구이,산채비빔밥*강된장,팽이버섯국,생선커틀릿,쌀밥/잡곡밥,황태국,닭오븐구이
브로컬리죽/쌀밥,김치두부국,꽈리고추찜,쌀밥/잡곡밥,떡국,마늘치킨,통새우김밥,어묵우동,찹쌀순대볶음
누룽지탕/쌀밥,아욱국,진미채무침,쌀밥/잡곡밥,건새우무국,등갈비김치찜,쌀밥/잡곡밥,부대찌개,탕수어
흑임자죽/쌀밥,감자국,명엽채무침,쌀밥/잡곡밥,미역국,소불고기,쌀밥/잡곡밥,해물된장찌개,닭매운찜
녹두죽/쌀밥,매운버섯국,시금치나물,쌀밥/잡곡밥,꽃게탕,미트볼칠리조림,나가사키면&김,참치주먹밥,개성감자만두
누룽지탕/쌀밥,북어해장국,감자채볶음,쌀밥/잡곡밥,참치김치찌개,유린기,쌀밥/잡곡밥,어묵국,돼지갈비찜
늙은호박죽/쌀밥,고추장찌개,연근조림,쌀밥/잡곡밥,돈신탕(해장탕),꽁치김치말이,옛날왕돈까스,옥수수스프,샐러드파스타
누룽지탕/쌀밥,쇠고기무국,콩나물무침,짜장밥,계란국,사천식탕수육,쌀밥/잡곡밥,닭개장,해물청경채볶음
누룽지탕/쌀밥,어묵국,고구마순나물,쌀밥/잡곡밥,된장찌개,제육볶음,쌀밥/잡곡밥,북어계란국,닭강정
견과류죽/쌀밥,근대국,오이무침,쌀밥/잡곡밥,육개장,갈치구이,오므라이스,가쯔오장국,훈제오리냉채
누룽지탕/쌀밥,연두부찌개,마늘쫑맛살볶음,곤드레밥,배추된장국,데리야끼파닭,쌀밥/잡곡밥,쇠고기샤브국,가자미찜
호박죽/쌀밥,모시조개시금치국,가지나물,쌀밥/잡곡밥,동태찌개,돈육장조림,쌀밥/잡곡밥,바지락수제비,유산슬
야채죽/쌀밥,콩나물국,쥐포무침,쌀밥/잡곡밥,버섯들깨탕,고등어조림,쌀밥/잡곡밥,오징어국,떡갈비조림
누룽지탕/쌀밥,들깨미역국,호박볶음,쌀밥/잡곡밥,근대된장국,쇠고기숙주볶음,쌀밥/잡곡밥,부대찌개,삼치구이
쇠고기죽/쌀밥,아욱된장국,콩조림,쌀밥/잡곡밥,알탕,닭갈비,짜장덮밥,해물짬뽕,군만두
누룽지탕/쌀밥,대구찌개,김자반,콩나물밥,가쯔오장국,훈제오리/무쌈,쌀밥/잡곡밥,청국장찌개,동파삼겹수육
양송이죽/쌀밥,시래기국,두부조림,쌀밥/잡곡밥,쇠고기무국,쭈꾸미볶음,참치회덮밥,미소장국,새우또띠아/음료
닭죽/쌀밥,김치두부국,브로컬리들깨무침,쌀밥/잡곡밥,사골우거지탕,명태엿장조림,쌀밥/잡곡밥,순두부찌개,돈육굴소스볶음
누룽지탕/쌀밥,북어해장국,김잔파무침,쌀밥/잡곡밥,오징어국,유자청제육볶음,쌀밥/잡곡밥,목살김치찌개,가자미튀김
크림누룽지탕/쌀밥,고추장찌개,청포묵무침,쌀밥/잡곡밥,차돌박이찌개,순살양념치킨,낙지볶음덮밥,맑은국,언양식불고기
누룽지탕/쌀밥,맑은만두육개장,시금치나물,단호박영양밥,꽃게탕,고추잡채*꽃빵,쌀밥/잡곡밥,뼈해장국,고등어양념구이
야채죽/쌀밥,어묵탕,마늘쫑무침,쌀밥/잡곡밥,김치콩나물국,쇠고기장조림,김밥,계란국,해물볶음우동
흑임자죽/쌀밥,건새우무국,가지두반장볶음,쌀밥/잡곡밥,아욱된장국,칠리탕수육,쌀밥/잡곡밥,닭곰탕,미트볼떡조림
누룽지탕/쌀밥,감자국,진미채무침,쌀밥/잡곡밥,어묵국,소고기버섯볶음,쌀밥/잡곡밥,콩나물국,매운돼지갈비찜
밤죽/쌀밥,피바지락국,시래기조림,쌀밥/잡곡밥,김치국,닭데리야끼조림,굴소스해물볶음밥,미소장국,미니햄버거
누룽지탕/쌀밥,얼큰소고기국,우엉조림,버섯영양밥,조랭이떡미역국,유산슬,쌀밥/잡곡밥,동태찌개,수제돈까스
홍게살죽/쌀밥,호박젓국찌개,미역줄기볶음,쌀밥/잡곡밥,설렁탕,해물김치전,생선초밥,우동,떡볶이
팥죽/쌀밥,근대된장국,콩나물무침,쌀밥/잡곡밥,콩비지찌개,순살깐풍기,쌀밥/잡곡밥,육개장,탕수어
누룽지탕/쌀밥,콩나물국,쑥갓두부무침,쌀밥/잡곡밥,시래기된장국,누룽지탕수육,쌀밥/잡곡밥,황태국,등갈비김치찜
해물죽/쌀밥,무채국,명엽채무침,쌀밥/잡곡밥,대구매운탕,쇠고기숙주볶음,후난식볶음밥,팽이장국,새우까스*탈탈소스
누룽지탕/쌀밥,재첩국,꽈리고추찜,쌀밥/잡곡밥,순두부탕,파닭,쌀밥/잡곡밥,소고기미역국,쭈꾸미볶음
단호박죽/쌀밥,아욱국,숙주미나리나물,쌀밥/잡곡밥,수제비국,짬뽕불고기,멸치주먹밥,잔치국수,또띠아피자
녹두죽/쌀밥,꽃게탕,느타리버섯볶음,카레덮밥,맑은국,통감자오븐구이,쌀밥/잡곡밥,된장찌개,장어강정
누룽지탕/쌀밥,호박젓국찌개,치커리무침,쌀밥/잡곡밥,쇠고기느타리국,오징어볶음,쌀밥/잡곡밥,시금치된장국,닭강정
새우살죽/쌀밥,어묵국,방풍나물,쌀밥/잡곡밥,근대국,제육볶음,참치주먹밥,짬뽕,야채튀김
누룽지탕/쌀밥,고추장찌개,김자반,나물비빔밥,가쯔오장국,치킨핑거*요거트D,*,,
땅콩죽/쌀밥,배추된장국,쥐포무침,쌀밥/잡곡밥,콩나물국,모둠장조림,김치볶음밥,미소장국,수제고로케*케찹
팥죽/쌀밥,황태국,새송이볶음,쌀밥/잡곡밥,떡국,양념찜닭,쌀밥/잡곡밥,오징어국,미니함박조림
누룽지탕/쌀밥,무채국,오이무침,쌀밥/잡곡밥,순두부찌개,훈제오리구이,쌀밥/잡곡밥,매운감자국,소고기숙주볶음
흑임자죽/쌀밥,북어계란국,애호박나물,쌀밥/잡곡밥,홍합탕,삼겹살오븐구이,유부초밥,쌀국수,단호박조림
누룽지탕/쌀밥,냉이국,두부조림,짜장밥,유부장국,해물누룽지탕,쌀밥/잡곡밥,부대찌개,유린기
닭죽/쌀밥,호박젓국찌개,시래기조림,쌀밥/잡곡밥,아욱국,양념돼지갈비찜,김밥,계란국,해물볶음우동
해물죽/쌀밥,얼갈이국,진미채무침,쌀밥/잡곡밥,차돌박이된장찌개,삼치무조림,쌀밥/잡곡밥,쇠고기무국,주꾸미볶음
누룽지탕/쌀밥,토란국,꽃맛살볶음,쌀밥/잡곡밥,콩나물김치국,돈육굴소스볶음,쌀밥/잡곡밥,대구지리,유산슬
크림누룽지탕/쌀밥,선지해장국,검정콩조림,쌀밥/잡곡밥,냉이된장찌개,코다리강정,주먹밥,양송이스프,토마토스파게티
누룽지탕/쌀밥,연두부탕,미역줄기볶음,소불고기덮밥,가쯔오장국,고구마튀김,쌀밥/잡곡밥,매생이굴국,간장찜닭
참치야채죽/쌀밥,어묵국,콩나물무침,쌀밥/잡곡밥,콩비지찌개,오리고추장볶음,오므라이스,팽이장국,해물떡볶이
잣죽/쌀밥,재첩국,김구이,쌀밥/잡곡밥,쇠고기샤브국,갈치구이,쌀밥/잡곡밥,미역국,등갈비김치찜
누룽지탕/쌀밥,김치두부국,멸치볶음,쌀밥/잡곡밥,배추된장국,짬뽕불고기,쌀밥/잡곡밥,육개장,탕수어
해물죽/쌀밥,열무된장국,미니새송이볶음,쌀밥/잡곡밥,콩나물국,고추잡채*꽃빵,충무김밥,잔치국수,오징어무침
누룽지탕/쌀밥,쇠고기매운국,김자반,쌀밥/잡곡밥,된장찌개,마늘간장치킨,쌀밥/잡곡밥,알탕,돈육장조림
양송이죽/쌀밥,근대국,명엽채무침,쌀밥/잡곡밥,꽃게탕,쇠고기버섯볶음,작은밥,바지락수제비,사천식탕수육
호박죽/쌀밥,고추장찌개,시금치나물,쌀밥/잡곡밥,얼갈이국,떡갈비조림,쌀밥/잡곡밥,돈육김치찌개,궁중떡볶음
누룽지탕/쌀밥,아욱국,쥐포무침,쌀밥/잡곡밥,동태찌개,돈육간장불고기,쌀밥/잡곡밥,청국장찌개,가자미양념찜
홍게살죽/쌀밥,민물새우찌개,브로컬리들깨찜,쌀밥/잡곡밥,열무된장국,닭갈비,해물굴소스볶음밥,맑은국,돈육강정
누룽지탕/쌀밥,북어계란국,느타리호박볶음,콩나물밥,가쯔오장국,미트볼케찹조림,*,,
새송이죽/쌀밥,감자국,유채나물,쌀밥/잡곡밥,시래기국,오징어볶음*소면,참치주먹밥,김치우동,쇠고기퀘사디아
쇠고기죽/쌀밥,매운어묵국,취나물,쌀밥/잡곡밥,순두부찌개,수제돈까스,쌀밥/잡곡밥,봄동된장국,닭볶음탕
누룽지탕/쌀밥,냉이된장국,콩자반,쌀밥/잡곡밥,사골떡국,쇠고기낙지볶음,쌀밥/잡곡밥,매운오징어국,목살간장조림
새우살죽/쌀밥,차돌박이찌개,톳무침,쌀밥/잡곡밥,홍합탕,매운동태찜,참치회덮밥,유부주머니국,수제고로케
누룽지탕/쌀밥,토란탕,진미채무침,곤드레밥,황태국,동그랑땡전,쌀밥/잡곡밥,감자찌개,닭데리야끼구이
밤죽/쌀밥,연두부탕,오이무침,쌀밥/잡곡밥,육개장,굴비구이,마파두부덮밥,팽이장국,류산슬
쇠고기죽/쌀밥,김치국,겨울초나물,쌀밥/잡곡밥,된장찌개,레몬탕수육,쌀밥/잡곡밥,들깨무채국,등갈비묵은지찜
누룽지탕/쌀밥,느타리버섯국,두부조림,쌀밥/잡곡밥,콩나물국,동파육,쌀밥/잡곡밥,콩비지찌개,양파치킨
해물죽/쌀밥,근대국,숙주나물,쌀밥/잡곡밥,쇠고기미역국,주꾸미떡볶음,김치참치주먹밥,가쯔오국,로제스파게티
누룽지탕/쌀밥,맑은만두육개장,미역줄기볶음,비빔밥,팽이장국,생선까스,쌀밥/잡곡밥,해물된장찌개,제육볶음
흑임자죽/쌀밥,재첩국,마늘쫑무침,쌀밥/잡곡밥,어묵국,매운닭찜,쌀밥/잡곡밥,뼈감자탕,삼치된장구이
크림누룽지탕/쌀밥,북어국,무채나물,쌀밥/잡곡밥,짬뽕국,미니함박조림,쌀밥/잡곡밥,시래기국,소고기장조림
누룽지탕/쌀밥,고추장찌개,취나물,쌀밥/잡곡밥,얼갈이된장국,오징어볶음*소면,쌀밥/잡곡밥,감자국,매운돼지갈비찜
팥죽/쌀밥,열무된장국,어묵볶음,쌀밥/잡곡밥,순두부찌개,쇠고기숙주볶음,후난식볶음밥,맑은국,닭강정
누룽지탕/쌀밥,꽃게탕,명엽채무침,쌀밥/잡곡밥,아욱국,훈제오리구이,쌀밥/잡곡밥,쇠고기샤브국,갈치양념조림
땅콩죽/쌀밥,민물새우찌개,브로컬리무침,쌀밥/잡곡밥,수제비국,유자청돈육볶음,김밥,새우튀김우동,펜네베이컨샐러드
소라살죽/쌀밥,콩나물김치국,새송이볶음,쌀밥/잡곡밥,닭개장,가자미카레튀김,쌀밥/잡곡밥,부대찌개,해물청경채볶음
누룽지탕/쌀밥,북어계란국,가지나물,쌀밥/잡곡밥,냉이콩나물국,닭볶음,쌀밥/잡곡밥,쇠고기매운국,버섯탕수
단호박죽/쌀밥,근대국,느타리볶음,쌀밥/잡곡밥,알탕,돈육간장불고기,멸치주먹밥,잔치국수,쇠고기퀘사디아
누룽지탕/쌀밥,두부젓국찌개,김자반,카레덮밥,맑은국,유린기,*,,
야채죽/쌀밥,오징어국,크래미숙주무침,쌀밥/잡곡밥,배추된장국,소갈비찜,쌀밥/잡곡밥,시래기들깨탕,돈육강정
땅콩죽/쌀밥,꽃게탕,김구이,쌀밥/잡곡밥,미역국,언양식불고기*양파채,김치볶음밥,꼬지어묵우동,해물까스*탈탈소스
누룽지탕/쌀밥,황태국,검정콩조림,쌀밥/잡곡밥,시금치된장국,고추장불고기,쌀밥/잡곡밥,차돌박이찌개,장어강정
시금치죽/쌀밥,선지해장국,연근조림,쌀밥/잡곡밥,굴김치두부국,스위트칠리미트볼,쇠고기덮밥,장국,야채튀김
새송이죽/쌀밥,홍합탕,겨울초겉절이,쌀밥/잡곡밥,콩나물국,소고기낙지볶음,쌀밥/잡곡밥,소고기무국,고등어김치말이
누룽지탕/쌀밥,콩나물김치국,느타리호박볶음,쌀밥/잡곡밥,냉이된장찌개,닭갈비,쌀밥/잡곡밥,사골우거지국,탕수어
양송이죽/쌀밥,재첩국,가지나물,쌀밥/잡곡밥,대구매운탕,유산슬,쌀밥/잡곡밥,순두부찌개,돈육굴소스볶음
호박죽/쌀밥,아욱된장국,어묵볶음,콩나물밥,맑은국,닭오븐구이,쌀밥/잡곡밥,열무된장국,삼겹살구이
누룽지탕/쌀밥,감자국,오이무침,쌀밥/잡곡밥,배추국,수제돈까스,유부초밥,쌀국수,순대오징어볶음
닭죽/쌀밥,맑은연두부탕,참나물생채,오곡밥,소고기무국,굴비구이,쌀밥/잡곡밥,청국장찌개,미니함박조림
누룽지탕/쌀밥,봄동된장국,진미채무침,쌀밥/잡곡밥,쇠고기미역국,제육볶음,쌀밥/잡곡밥,부대찌개,고등어구이
표고버섯죽/쌀밥,민물새우찌개,브로컬리들깨찜,쌀밥/잡곡밥,된장찌개,주꾸미볶음,짜장덮밥,맑은국,사천식탕수육
누룽지탕/쌀밥,북어국,아삭고추무침,쌀밥/잡곡밥,들깨시래기국,순살파닭,쌀밥/잡곡밥,오징어국,돈육장조림
고구마죽/쌀밥,김치콩나물국,새송이볶음,쌀밥/잡곡밥,홍합탕,소불고기,오므라이스,가쯔오장국,치킨텐더
홍게살죽/쌀밥,근대국,무생채,쌀밥/잡곡밥,어묵국,등갈비김치찜,쌀밥/잡곡밥,콩비지찌개,고추잡채*꽃빵
누룽지탕/쌀밥,달래된장찌개,크랜베리멸치볶음,쌀밥/잡곡밥,열무된장국,동파육,쌀밥/잡곡밥,얼갈이된장국,간장찜닭
해물죽/쌀밥,고추장찌개,김가루실파무침,쌀밥/잡곡밥,버섯들깨탕,낙지볶음,날치알김치볶음밥,미역장국,쇠고기퀘사디아
누룽지탕/쌀밥,꽃게탕,명엽채무침,나물비빔밥,유부장국,생선까스*탈탈소스,*,,
녹두죽/쌀밥,호박젓국찌개,가지나물,쌀밥/잡곡밥,콩나물국,돼지갈비찜,참치주먹밥,김치우동,케이준샐러드
쇠고기죽/쌀밥,아욱된장국,두부조림,쌀밥/잡곡밥,수제비국,깐풍기,쌀밥/잡곡밥,쇠고기샤브국,가자미양념찜
누룽지탕/쌀밥,건새우무채국,김구이,쌀밥/잡곡밥,봄동된장국,훈제오리구이,쌀밥/잡곡밥,황태국,짬뽕불고기
팥죽/쌀밥,시금치된장국,콩자반,쌀밥/잡곡밥,사골떡국,언양식불고기,김밥,꼬치어묵탕,쫄면야채무침
잣죽/쌀밥,매운감자국,시래기조림,쌀밥/잡곡밥,돈육김치찌개,팝콘치킨*데리마요,후난식볶음밥,잔치국수,새우또띠아
표고버섯죽/쌀밥,쇠고기우거지국,참나물,카레덮밥,맑은국,미니채소떡갈비,쌀밥/잡곡밥,해물된장찌개,소고기모듬장조림
누룽지탕/쌀밥,시래기된장국,쑥갓두부무침,쌀밥/잡곡밥,어묵국,순살닭갈비,쌀밥/잡곡밥,김치두부국,쇠불고기
단호박죽/쌀밥,북어해장국,가지나물,쌀밥/잡곡밥,토란탕,돈육칠리강정,참치야채비빔밥,맑은국,수제고로케
땅콩죽/쌀밥,맑은만두육개장,아삭고추무침,곤드레밥*강된장,미소국,오징어볶음,쌀밥/잡곡밥,차돌박이찌개,코다리강정
누룽지탕/쌀밥,재첩국,유채나물,쌀밥/잡곡밥,아욱국,마늘치킨,김밥볶음밥,팽이장국,볶음우동
야채죽/쌀밥,대구찌개,미역줄기볶음,쌀밥/잡곡밥,얼큰순두부찌개,해물청경채볶음,쌀밥/잡곡밥,미역국,제육볶음(빨갛게)
누룽지탕/쌀밥,감자국,어묵볶음,쌀밥/잡곡밥,오징어국,버섯불고기,쌀밥/잡곡밥,육개장,갈치조림
견과류죽/쌀밥,된장찌개,느타리볶음,쌀밥/잡곡밥,동태찌개,미트볼케찹조림,콩나물밥,가쯔오장국,주꾸미볶음
새우살죽/쌀밥,두부젓국찌개,쥐포무침,쌀밥/잡곡밥,근대국,양념찜닭,쌀밥/잡곡밥,북어계란국,등갈비김치찜
누룽지탕/쌀밥,쑥국,브로컬리들깨찜,쌀밥/잡곡밥,옹심이만두국,돈육굴소스볶음,멸치주먹밥,김치말이국수,훈제오리냉채
흑임자죽/쌀밥,김치두부국,김자반,쌀밥/잡곡밥,고추장찌개,치킨커틀렛,쌀밥/잡곡밥,열무된장국,미니함박조림
누룽지탕/쌀밥,어묵국,미역줄기볶음,쌀밥/잡곡밥,아욱국,콩나물불고기,쌀밥/잡곡밥,매운버섯국,누룽지탕수육
홍게살죽/쌀밥,들깨감자국,오이생채,쌀밥/잡곡밥,냉이된장찌개,쇠고기장조림,베이컨김치볶음밥,미소장국,로제파스타
김치죽/쌀밥,콩나물국,김실파무침,쌀밥/잡곡밥,돈육김치찌개,유린기,*,,
누룽지탕/쌀밥,꽃게탕,명엽채볶음,쌀밥/잡곡밥,콩가루배추국,돼지갈비찜,통새우김밥,짬뽕,고구마치즈구이
참치야채죽/쌀밥,선지해장국,시래기조림,쌀밥/잡곡밥,대구매운탕,고추잡채*꽃빵,쌀밥/잡곡밥,연두부탕,닭강정
누룽지탕/쌀밥,건새우아욱국,진미채무침,쌀밥/잡곡밥,알탕,소고기숙주볶음,쌀밥/잡곡밥,부대찌개,고등어구이
브로컬리죽/쌀밥,배추맑은국,두부조림,쌀밥/잡곡밥,소고기미역국,주꾸미볶음,해물볶음밥,맑은국,비빔메밀국수
양송이죽/쌀밥,시래기들깨탕,느타리호박볶음,봄나물비빔밥,팽이장국,언양식불고기,쌀밥/잡곡밥,우거지탕,돈까스
누룽지탕/쌀밥,닭곰탕,대추채멸치볶음,쌀밥/잡곡밥,북어콩나물국,사천식탕수육,충무김밥,유부우동,오징어무침
쇠고기죽/쌀밥,두부김치국,미역나물,쌀밥/잡곡밥,쇠고기무국(빨갛게),생선커틀렛,쌀밥/잡곡밥,봄동된장국,동태콩나물찜
누룽지탕/쌀밥,감자국,무생채,쌀밥/잡곡밥,꽃게탕,훈제오리(마늘만),쌀밥/잡곡밥,콩비지찌개,가자미카레튀김
팥죽/쌀밥,콩나물국,꽃맛살볶음,쌀밥/잡곡밥,된장찌개,쇠불고기,참치주먹밥,쌀국수,오징어순대볶음
크림누룽지탕/쌀밥,차돌박이찌개,검정콩조림,짜장밥,맑은계란국,유산슬,쌀밥/잡곡밥,미역장국,유자청돈육볶음
홍게살죽/쌀밥,두부들깨탕,단배추나물,쌀밥/잡곡밥,근대국,마늘치킨,김치볶음밥/계란,유부주머니국,쇠고기퀘사디아
견과류죽/쌀밥,김치황태국,가지나물,쌀밥/잡곡밥,육개장,미니채소떡갈비,쌀밥/잡곡밥,매운어묵국,순살닭갈비
누룽지탕/쌀밥,콩나물국,쥐포무침,쌀밥/잡곡밥,얼갈이국,쇠고기낙지볶음,쌀밥/잡곡밥,무채국,치즈시즈닝치킨
표고버섯죽/쌀밥,민물새우찌개,취나물,쌀밥/잡곡밥,김치찌개,해물누룽지탕,쌀밥/잡곡밥,카레돈까스정식,미소장국
누룽지탕/쌀밥,쇠고기해장국,유채나물,쌀밥/잡곡밥,들깨미역국,삼겹살오븐구이,쌀밥/잡곡밥,순두부찌개,삼치구이
밤죽/쌀밥,두부젓국찌개,느타리볶음,쌀밥/잡곡밥,황태국,닭데리야끼조림,유부초밥,잔치국수,수제핫도그
늙은호박죽/쌀밥,근대국,마늘쫑건새우볶음,쌀밥/잡곡밥,쇠고기샤브국,오징어볶음,쌀밥/잡곡밥,청국장찌개,돈육장조림
누룽지탕/쌀밥,어묵국,땅콩조림,쌀밥/잡곡밥,된장찌개,돈육굴소스볶음,쌀밥/잡곡밥,쇠고기무국,고등어조림
김치죽/쌀밥,감자국,멸치호두볶음,쌀밥/잡곡밥,들깨시래기국,쇠고기장조림,나가사끼짬뽕,야채볶음밥,치킨핑거*요거트D
누룽지탕/쌀밥,오징어국,김구이,곤드레밥,맑은국,탕수어,쌀밥/잡곡밥,닭개장,갈치구이
녹두죽/쌀밥,매운버섯국,쑥갓두부무침,쌀밥/잡곡밥,아욱국,등갈비김치찜,오므라이스,가쯔오장국,떡볶이
닭죽/쌀밥,피바지락국,명엽채무침,쌀밥/잡곡밥,콩나물김치국,버섯불고기,쌀밥/잡곡밥,열무된장국,돈육강정
누룽지탕/쌀밥,근대감자국,김자반,쌀밥/잡곡밥,부대찌개,언양식불고기,쌀밥/잡곡밥,오징어국,쇠고기숙주볶음
팥죽/쌀밥,콩나물국,우엉어묵볶음,쌀밥/잡곡밥,차돌박이찌개,닭강정,멸치주먹밥,양송이스프,토마토스파게티
누룽지탕/쌀밥,된장찌개,검정콩조림,비빔밥,맑은국,오징어튀김,*,,
야채죽/쌀밥,북어해장국,애호박볶음,쌀밥/잡곡밥,미역국,매콤함박스테이크,닭갈비볶음밥,어묵국,크림카레우동
흑임자죽/쌀밥,조랭이떡국,오이무침,쌀밥/잡곡밥,꽃게찌개,탕수육,쌀밥/잡곡밥,얼갈이된장국,주꾸미떡볶음
시금치죽/쌀밥,황태국,김구이,쌀밥/잡곡밥,참치김치찌개,훈제오리구이/쌈무,쌀밥/잡곡밥,순두부찌개,돈육굴소스볶음
홍게살죽/쌀밥,시래기된장국,진미채무침,쌀밥/잡곡밥,들깨미역국,닭갈비,야채볶음밥,유부주머니국,미니버거
누룽지탕/쌀밥,열무된장국,멸치크랜베리볶음,쌀밥/잡곡밥,고추장찌개,쇠불고기,쌀밥/잡곡밥,육개장,꽁치오븐구이
김치죽/쌀밥,어묵국,김구이,쌀밥/잡곡밥,된장찌개,제육볶음,쌀밥/잡곡밥,연두부탕,닭오븐구이
누룽지탕/쌀밥,감자국,청경채무침,쌀밥/잡곡밥,콩가루배추국,낙지볶음,볶음밥/짜장소스,맑은국,사천식탕수육
해물죽/쌀밥,호박젓국찌개,가지나물,쌀밥/잡곡밥,옹심이만두떡국,유린기,쌀밥/잡곡밥,청국장찌개,돼지갈비찜
누룽지탕/쌀밥,민물새우찌개,쑥갓두부무침,쌀밥/잡곡밥,콩비지찌개,돈육꽈리고추볶음,쌀밥/잡곡밥,닭개장,가자미카레튀김
야채죽/쌀밥,북어채국,브로컬리들깨찜,쌀밥/잡곡밥,쇠고기샤브국,오징어볶음,꼬마김밥*겨자장,잔치국수,감자만두
누룽지탕/쌀밥,대구매운탕,검정콩조림,쌀밥/잡곡밥,열무된장국,쇠고기장조림,쌀밥/잡곡밥,차돌박이찌개,갈치양념조림
참치죽/쌀밥,우거지해장국,명엽채무침,쌀밥/잡곡밥,부대찌개,굴비구이,쌀밥/잡곡밥,옛날돈가스,옥수수스프
단호박죽/쌀밥,김치두부국,시금치나물,쌀밥/잡곡밥,새우살미역국,순살양념치킨,쌀밥/잡곡밥,배추된장국,쇠고기숙주볶음
크림누룽지탕/쌀밥,어묵국,숙주나물,쌀밥/잡곡밥,시금치된장국,제육볶음,쌀밥/잡곡밥,연두부찌개,코다리조림
땅콩죽/쌀밥,오징어국,김가루실파무침,쌀밥/잡곡밥,소고기국,간장찜닭,볶음밥,짬뽕,탕수육
누룽지탕/쌀밥,닭곰탕,애호박볶음,콩나물밥,김치국,고등어구이,쌀밥/잡곡밥,꽃게탕,모둠장조림
브로컬리죽/쌀밥,감자국,열무나물,쌀밥/잡곡밥,들깨시래기국,오리불고기,마파두부덮밥,유부장국,수제고로케
팥죽/쌀밥,맑은만두육개장,꽈리고추찜,쌀밥/잡곡밥,콩나물국,주꾸미떡볶음,쌀밥/잡곡밥,된장찌개,치즈닭갈비
누룽지탕/쌀밥,미역국,대추채멸치볶음,쌀밥/잡곡밥,황태국,소불고기,쌀밥/잡곡밥,우거지해장국,임연수엿장조림
수삼닭죽/쌀밥,소고기무국,비름나물,쌀밥/잡곡밥,얼갈이된장국,동파삼겹수육,김밥,맑은국,쫄면야채무침
누룽지탕/쌀밥,두부젓국찌개,자반김,열무보리비빔밥,가쯔오장국,탕수만두,자기계발의날,,
밤죽/쌀밥,동태찌개,브로컬리들깨소스,쌀밥/잡곡밥,오이냉국,등갈비김치찜,주먹밥,단호박스프,로제스파게티
홍게살죽/쌀밥,건새우아욱국,감자채볶음,쌀밥/잡곡밥,돈육김치찌개,삼치된장구이,쌀밥/잡곡밥,새알만두국,팝콘치킨*데리야끼소스
누룽지탕/쌀밥,쇠고기버섯국,쥐포무침,쌀밥/잡곡밥,근대국,돈육굴소스볶음,쌀밥/잡곡밥,감자고추장찌개,탕수어
호두죽/쌀밥,김치두부국,호박나물,쌀밥/잡곡밥,콩나물국,훈제오리구이,쌀밥/잡곡밥,열무된장국,돼지갈비찜
누룽지탕/쌀밥,어묵국,땅콩조림,쌀밥/잡곡밥,얼갈이된장국,미니채소떡갈비,김밥볶음밥,냉모밀국수,야채튀김
고구마죽/쌀밥,대구찌개,시래기조림,쌀밥/잡곡밥,호박잎된장찌개,깐풍기,쌀밥/잡곡밥,쇠고기미역국,가자미양념찜
누룽지탕/쌀밥,오징어국,느타리볶음,쌀밥/잡곡밥,연두부탕,쇠고기숙주볶음,쌀밥/잡곡밥,된장찌개,돈육강정
표고버섯죽/쌀밥,민물새우찌개,쑥갓두부무침,쌀밥/잡곡밥,도토리묵냉국,쭈꾸미볶음,참치회덮밥,미소장국,고구마치즈구이
누룽지탕/쌀밥,쇠고기무국,마늘쫑건새우볶음,곤드레밥*강된장,가쯔오장국,치킨핑거,쌀밥/잡곡밥,알탕,미트볼케찹조림
김치죽/쌀밥,시금치국,진미채무침,쌀밥/잡곡밥,쇠고기샤브국,갈치구이,볶음밥,열무김치국수,부추만두
녹두죽/쌀밥,북어국,미역줄기볶음,쌀밥/잡곡밥,아욱된장국,삼겹살구이,쌀밥/잡곡밥,참치김치찌개,쇠고기장조림
누룽지탕/쌀밥,꽃게탕,김구이,쌀밥/잡곡밥,들깨시래기국,유자청제육볶음,쌀밥/잡곡밥,감자국,닭데리야끼조림
양송이죽/쌀밥,무채국,비름나물,쌀밥/잡곡밥,오이지냉국,고등어김치말이,충무김밥,미역장국,오징어무침
누룽지탕/쌀밥,동태찌개,새송이버섯볶음,카레라이스,유부주머니국,언양식불고기,쌀밥/잡곡밥,해물된장찌개,고추잡채*꽃빵
팥죽/쌀밥,열무된장국,검정콩조림,쌀밥/잡곡밥,쇠고기미역국,해물누룽지탕,소고기주먹밥,쌀국수,또띠아피자
잣죽/쌀밥,조랭이떡국,꽈리고추찜,쌀밥/잡곡밥,나가사끼짬뽕국,닭갈비,쌀밥/잡곡밥,콩비지찌개,탕수어
누룽지탕/쌀밥,김치두부국,느타리버섯볶음,쌀밥/잡곡밥,차돌박이찌개,훈제오리고추장볶음,쌀밥/잡곡밥,연두부찌개,탕수육
해물죽/쌀밥,호박잎찌개,김자반,쌀밥/잡곡밥,북어콩나물국,오징어볶음,콩국수,작은밥,탄두리치킨
누룽지탕/쌀밥,쇠고기매운국,고구마순나물,콩나물밥,얼갈이된장국,삼치구이,*자기계발의날*,,
참치죽/쌀밥,고추장찌개,브로컬리두부무침,쌀밥/잡곡밥,우무묵냉국,갈릭돈까스,빠에야,올챙이만두국,웨지감자
쇠고기죽/쌀밥,시래기국,오이무침,쌀밥/잡곡밥,꼬지어묵탕,매운닭찜,쌀밥/잡곡밥,청국장찌개,장어강정
누룽지탕/쌀밥,된장찌개,가지나물,쌀밥/잡곡밥,콩나물국,짬뽕불고기,쌀밥/잡곡밥,육개장,고등어카레구이
밤죽/쌀밥,두부젓국찌개,명엽채무침,쌀밥/잡곡밥,배추된장국,낙지볶음,후난식볶음밥,가쯔오장국,닭강정
누룽지탕/쌀밥,오징어국,호박볶음,짜장덮밥,계란국,유산슬,쌀밥/잡곡밥,대구찌개,돈육굴소스볶음
녹두죽/쌀밥,쇠고기무국,지리멸치볶음,쌀밥/잡곡밥,아욱된장국,등갈비김치찜,김밥,잔치국수,수제고로케
단호박죽/쌀밥,꽃게탕,땅콩조림,쌀밥/잡곡밥,오이냉국,유린기,쌀밥/잡곡밥,순두부찌개,해물까스*탈탈소스
누룽지탕/쌀밥,무청된장국,쥐포무침,쌀밥/잡곡밥,콩나물국,버섯불고기,쌀밥/잡곡밥,감자국,사천식탕수육
야채죽/쌀밥,황태국,열무나물,쌀밥/잡곡밥,어묵국,주꾸미떡볶음,오므라이스,미소장국,새우또띠아
누룽지탕/쌀밥,바지락국,오이도라지무침,<초복특식>,삼계탕,찹쌀밥,쌀밥/잡곡밥,해물된장찌개,모둠장조림
팥죽/쌀밥,연두부탕,느타리볶음,쌀밥/잡곡밥,근대국,돼지갈비찜,유부초밥,김치말이국수,풋고추튀김
새우살죽/쌀밥,우거지해장국,깻순나물,쌀밥/잡곡밥,부대찌개,갈치조림,쌀밥/잡곡밥,고추장찌개,미니함박조림
누룽지탕/쌀밥,김치순두부찌개,브로컬리된장무침,쌀밥/잡곡밥,무채국,돈육고추장볶음,쌀밥/잡곡밥,꽃게탕,소고기장조림
잣죽/쌀밥,콩나물국,김자반,쌀밥/잡곡밥,열무된장국,간장찜닭,목살필라프,단호박스프,토마토스파게티
누룽지탕/쌀밥,쇠고기미역국,시래기조림,김치제육덮밥,맑은국,양장피잡채,쌀밥/잡곡밥,호박잎된장찌개,언양식불고기
녹두죽/쌀밥,건새우아욱국,진미채무침,쌀밥/잡곡밥,소고기매운무국,오징어굴소스볶음,카레라이스,유부장국,해물볶음우동
흑임자죽/쌀밥,차돌박이찌개,검정콩조림,쌀밥/잡곡밥,닭곰탕,미트볼케찹조림,쌀밥/잡곡밥,육개장,꽁치구이
누룽지탕/쌀밥,시금치국,김구이,쌀밥/잡곡밥,어묵탕,콩나물불고기,쌀밥/잡곡밥,콩가루배추국,고추잡채*꽃빵
김치죽/쌀밥,오징어국,고구마줄기볶음,쌀밥/잡곡밥,된장찌개,가자미카레튀김,빠에야,냉모밀국수,비빔야채만두
누룽지탕/쌀밥,민물새우찌개,숙주나물,나물비빔밥,미소장국,파스타샐러드,가정의날,,
호박죽/쌀밥,무청된장국,새송이버섯볶음,쌀밥/잡곡밥,콩나물냉국,순살파닭,마파두부덮밥,미역장국,탕수육
크림누룽지탕/쌀밥,동태찌개,취나물,쌀밥/잡곡밥,쇠고기샤브국,주꾸미떡볶음,쌀밥/잡곡밥,닭개장,생선까스*탈탈소스
누룽지탕/쌀밥,두부김치국,명엽채무침,쌀밥/잡곡밥,연두부탕,쇠고기숙주볶음,쌀밥/잡곡밥,아욱국,돈육씨앗강정
수삼닭죽/쌀밥,북어국,오이무침,쌀밥/잡곡밥,부대찌개,해물누룽지탕,김밥볶음밥,잔치국수,훈제오리냉채
누룽지탕/쌀밥,호박젓국찌개,미역줄기볶음,쌀밥/잡곡밥,꽃게탕,미니채소떡갈비,쌀밥/잡곡밥,느타리버섯국,탕수어
쇠고기죽/쌀밥,대구찌개,도라지나물,쌀밥/잡곡밥,오이미역냉국,닭오븐구이,콩나물밥,가쯔오장국,쇠고기장조림
땅콩죽/쌀밥,감자국,김실파무침,쌀밥/잡곡밥,콩나물국,제육볶음,쌀밥/잡곡밥,차돌박이찌개,치킨텐더
누룽지탕/쌀밥,된장찌개,김자반,쌀밥/잡곡밥,어묵국,쇠고기낙지볶음,쌀밥/잡곡밥,근대국,등갈비김치찜
야채죽/쌀밥,들깨버섯국,연근조림,쌀밥/잡곡밥,미역국,닭갈비,해물굴소스볶음밥,가쯔오장국,비빔메밀국수
누룽지탕/쌀밥,열무된장국,콩나물무침,쌀밥/잡곡밥,도토리묵냉국,수제돈까스,쌀밥/잡곡밥,뼈해장국,고등어조림
홍게살죽/쌀밥,우거지해장국,영양부추생채,쌀밥/잡곡밥,돈육김치찌개,갈치구이,멸치주먹밥,물냉면,케이준샐러드
고구마죽/쌀밥,무채국,시금치나물,쌀밥/잡곡밥,고추장찌개,돈육보쌈,쌀밥/잡곡밥,오징어국,깐풍기
누룽지탕/쌀밥,김치국,감자조림,쌀밥/잡곡밥,된장찌개,짬뽕불고기,쌀밥/잡곡밥,콩가루배추국,양파치킨
쇠고기죽/쌀밥,고추장찌개,문어꽈리초조림,쌀밥/잡곡밥,쇠고기무국,오징어볶음*소면,쌀밥/잡곡밥,콩나물국,돼지갈비찜
누룽지탕/쌀밥,황태국,느타리애호박볶음,쌀밥/잡곡밥,들깨시래기국,매운닭찜,김치볶음밥,어묵우동,미니햄버거
양송이죽/쌀밥,차돌박이찌개,멸치볶음,짜장밥,맑은국,해물까스*칠리소스,쌀밥/잡곡밥,해물순두부찌개,유자청제육볶음
버섯죽/쌀밥,북어해장국,시금치프리타타,쌀밥/잡곡밥,조랭이떡미역국,소고기불고기,쌀밥/잡곡밥,참치김치찌개,안동찜닭
잣죽/쌀밥,감자국,버섯볶음,쌀밥/잡곡밥,해물된장찌개,표고버섯탕수육,충무김밥,유부주머니국,오징어무침
누룽지탕/쌀밥,연두부국,얼갈이나물,곤드레밥*강된장,가쯔오장국,가자미양념찜,쌀밥/잡곡밥,청국장찌개,돈육모듬장조림
새우살죽/쌀밥,어묵국,고구마줄기볶음,쌀밥/잡곡밥,쇠고기샤브국,주꾸미굴소스볶음,김치주먹밥,콩국수,타코야끼
흑임자죽/쌀밥,호박새우젓찌개,김자반,쌀밥/잡곡밥,알탕,미트볼케찹조림,쌀밥/잡곡밥,고추장찌개,생선까스*탈탈소스
누룽지탕/쌀밥,근대국,명엽채무침,쌀밥/잡곡밥,콩나물국,돈육간장불고기,쌀밥/잡곡밥,닭곰탕,고등어김치말이
해물죽/쌀밥,매운버섯국,취나물,쌀밥/잡곡밥,배추된장국,닭갈비,유부초밥,냉모밀국수,깐풍육
누룽지탕/쌀밥,오징어국,도라지볶음,산채비빔밥,미소장국,언양식불고기,쌀밥/잡곡밥,부대찌개,해물청경채볶음
홍게살죽/쌀밥,무채국,미역줄기볶음,쌀밥/잡곡밥,육개장,굴비구이,쌀밥/잡곡밥,옛날돈까스,브로컬리크림스프
단호박죽/쌀밥,대구찌개,깻순나물,쌀밥/잡곡밥,시래기국,훈제오리구이,*,,
누룽지탕/쌀밥,아욱국,진미채무침,쌀밥/잡곡밥,북어국,버섯불고기,쌀밥/잡곡밥,콩나물김치국,가자미튀김
표고버섯죽/쌀밥,민물새우찌개,꽈리고추찜,쌀밥/잡곡밥,연두부탕,등갈비김치찜,닭갈비볶음밥,가쯔오장국,크림카레우동
누룽지탕/쌀밥,어묵국,참나물무침,쌀밥/잡곡밥,꽃게탕,마늘치킨,쌀밥/잡곡밥,해물된장찌개,돈육굴소스볶음
팥죽/쌀밥,얼갈이된장국,콩나물무침,쌀밥/잡곡밥,쇠고기미역국,오징어볶음*소면,볶음밥/짜장소스,맑은국,고추잡채*꽃빵
닭죽/쌀밥,감자국,브로컬리들깨찜,쌀밥/잡곡밥,열무된장국,동파육,쌀밥/잡곡밥,콩비지찌개,유린기
누룽지탕/쌀밥,두부김치국,숙주나물,쌀밥/잡곡밥,시래기된장국,유자청제육볶음,쌀밥/잡곡밥,소고기무국,주꾸미굴소스볶음
새우살죽/쌀밥,대구찌개,무나물,쌀밥/잡곡밥,차돌박이찌개,해물누룽지탕,김밥,잔치국수,야채튀김
누룽지탕/쌀밥,선지해장국,연근조림,카레라이스,미소장국,떡갈비조림,쌀밥/잡곡밥,미역국,돼지갈비찜
흑임자죽/쌀밥,오징어국,김구이,쌀밥/잡곡밥,고사리육개장,닭찜,빠에야,쌀국수,고구마오븐구이
야채죽/쌀밥,재첩국,미역줄기볶음,쌀밥/잡곡밥,참치김치찌개,단호박장조림,쌀밥/잡곡밥,된장찌개,돈육간장강정
누룽지탕/쌀밥,무청된장국,김자반,쌀밥/잡곡밥,해물순두부찌개,언양식불고기,쌀밥/잡곡밥,아욱국,후르츠탕수육
잣죽/쌀밥,고추장찌개,콩조림,쌀밥/잡곡밥,들깨버섯국,소고기낙지볶음,충무김밥,나가사끼짬뽕,오징어초무침
누룽지탕/쌀밥,쇠고기무국,시래기조림,콩나물밥,가쯔오국,감자프리타타,쌀밥/잡곡밥,김치국,해물청경채볶음
소라살죽/쌀밥,북어해장국,파래무침,쌀밥/잡곡밥,쇠고기샤브국,꽁치구이,치킨마요덮밥,꼬지어묵탕,수제칠리핫도그
소고기죽/쌀밥,콩나물국,오이무침,쌀밥/잡곡밥,콩가루배추국,순살양념치킨,쌀밥/잡곡밥,설렁탕,김치전
누룽지탕/쌀밥,어묵국,느타리호박볶음,쌀밥/잡곡밥,근대국,짬뽕불고기,쌀밥/잡곡밥,부대찌개*라면사리,갈치구이
견과류죽/쌀밥,매운버섯국,꽈리고추찜,쌀밥/잡곡밥,시래기들깨탕,닭갈비,참치주먹밥,김치우동,오징어튀김
크림누룽지탕/쌀밥,아욱국,명엽채무침,쌀밥/잡곡밥,콩나물국,삼겹살구이,쌀밥/잡곡밥,된장찌개,미니함박조림
양송이죽/쌀밥,올챙이만두국,열무나물,쌀밥/잡곡밥,차돌박이찌개,매운주꾸미볶음,오므라이스,맑은장국,돈가스또띠아
홍게살죽/쌀밥,김치두부국,멸치크랜베리볶음,쌀밥/잡곡밥,미역국,쇠불고기/잡채,*,,
잣죽/쌀밥,북어국,김자반,쌀밥/잡곡밥,아욱국,훈제오리구이,쌀밥/잡곡밥,동태찌개,돈육굴소스볶음
누룽지탕/쌀밥,꽃게탕,두부조림,쌀밥/잡곡밥,고추장찌개,레몬탕수육,후난식볶음밥,잔치국수,새우까스*탈탈소스
쇠고기죽/쌀밥,감자국,볼어묵볶음,쌀밥/잡곡밥,해물된장찌개,닭찜,쌀밥/잡곡밥,순두부찌개,소고기숙주볶음
누룽지탕/쌀밥,호박젓국찌개,마늘쫑볶음,쌀밥/잡곡밥,쇠고기무국,오징어볶음*소면,쌀밥/잡곡밥,어묵국,등갈비김치찜
누룽지탕/쌀밥,시래기국,김구이,쌀밥/잡곡밥,차돌박이찌개,제육볶음,쌀밥/잡곡밥,콩나물국,닭오븐구이
흑임자죽/쌀밥,무채국,동전쥐포무침,쌀밥/잡곡밥,근대국,고등어조림,목살필라프,단호박스프,로제스파게티
누룽지탕/쌀밥,오징어국,단배추나물,쌀밥/잡곡밥,민물새우찌개,수제돈가스,쌀밥/잡곡밥,얼갈이된장국,소고기모듬장조림
땅콩죽/쌀밥,선지해장국,연근조림,쌀밥/잡곡밥,새알미역국,유린기,산채비빔밥,유부장국,수제고로케
닭죽/쌀밥,김치국,멸치볶음,쌀밥/잡곡밥,쇠고기매운버섯국,해물청경채볶음,쌀밥/잡곡밥,된장찌개,코다리강정
누룽지탕/쌀밥,호박젓국찌개,명엽채무침,쌀밥/잡곡밥,콩나물국,버섯불고기,쌀밥/잡곡밥,수제비국,닭강정
양송이죽/쌀밥,재첩국,검정콩조림,쌀밥/잡곡밥,배추된장국,쭈꾸미볶음,볶음밥*자장소스,계란파국,떡볶이
누룽지탕/쌀밥,동태탕,시래기조림,곤드레밥*강된장,가쯔오장국,갈치조림,*,,
야채죽/쌀밥,아욱국,호박나물,쌀밥/잡곡밥,육개장,치킨핑거,멸치주먹밥,김치국수,소고기퀘사디아
단호박죽/쌀밥,피바지락국,콩나물무침,쌀밥/잡곡밥,시금치국,돼지갈비찜,쌀밥/잡곡밥,콩비지찌개,가자미카레튀김
누룽지탕/쌀밥,황태국,오이무침,쌀밥/잡곡밥,들깨시래기국,닭갈비,쌀밥/잡곡밥,돈육김치찌개,꽁치구이
홍게살죽/쌀밥,두부젓국찌개,고구마순나물,쌀밥/잡곡밥,근대국,돈삼겹보쌈,오므라이스,가쯔오장국,해물까스*탈탈소스
누룽지탕/쌀밥,꽃게탕,감자채햄볶음,카레덮밥,맑은국,개성감자만두,쌀밥/잡곡밥,순두부찌개,깐풍기
밤죽/쌀밥,감자국,진미채무침,쌀밥/잡곡밥,사골떡국,오징어볶음,통새우김밥,우동,찹쌀순대볶음
팥죽/쌀밥,콩나물김치국,미역나물,쌀밥/잡곡밥,된장찌개,누룽지탕수육,쌀밥/잡곡밥,닭개장,미트볼케찹조림
누룽지탕/쌀밥,차돌박이찌개,김구이,쌀밥/잡곡밥,콩가루배추국,짬뽕불고기,쌀밥/잡곡밥,어묵국,소고기장조림
새송이죽/쌀밥,콩나물김치국,땅콩멸치볶음,쌀밥/잡곡밥,오징어국,수제돈까스,유부초밥,잔치국수,감자치즈오븐구이
누룽지탕/쌀밥,선지해장국,우엉조림,콩나물밥,미역장국,언양식불고기,쌀밥/잡곡밥,쇠고기샤브국,해물청경채볶음
닭죽/쌀밥,고추장찌개,문어꽈리초조림,쌀밥/잡곡밥,해물된장찌개,매운닭찜,낙지덮밥,유부장국,동그랑땡전
고구마죽/쌀밥,무채국,브로컬리초장,쌀밥/잡곡밥,올갱이아욱국,등갈비김치찜,쌀밥/잡곡밥,소고기무국,임연수엿장조림
누룽지탕/쌀밥,민물새우찌개,김자반,쌀밥/잡곡밥,시금치국,소고기불고기,쌀밥/잡곡밥,연두부탕,훈제오리떡볶음
야채죽/쌀밥,올챙이만두국,콩나물무침,쌀밥/잡곡밥,새알미역국,돼지갈비찜,볶음밥,계란국,짜장면
누룽지탕/쌀밥,대구매운탕,아삭고추무침,곤드레밥*간장양념,청양된장찌개,굴비구이,쌀밥/잡곡밥,뼈감자탕,해물까스*탈탈소스
새우살죽/쌀밥,시래기국,어묵볶음,쌀밥/잡곡밥,북어계란국,찜닭,쌀밥/잡곡밥,수제비국,김치두루치기
크림누룽지탕/쌀밥,홍합탕,단배추나물,쌀밥/잡곡밥,콩비지찌개,미니채소떡갈비,쌀밥/잡곡밥,토란탕,주꾸미굴소스볶음
누룽지탕/쌀밥,호박젓국찌개,진미채무침,쌀밥/잡곡밥,차돌박이찌개,오징어볶음,쌀밥/잡곡밥,알탕,동파삼겹수육
양송이죽/쌀밥,김치두부국,꽈리고추찜,쌀밥/잡곡밥,어묵국,순살파닭,닭갈비볶음밥,쌀국수,수제고로케
누룽지탕/쌀밥,버섯매운탕,땅콩조림,단호박영양밥,가쯔오장국,돈육칠리강정,쌀밥/잡곡밥,배추된장국,쇠고기장조림
쇠고기죽/쌀밥,콩나물국,김잔파무침,쌀밥/잡곡밥,쇠고기무국,갈치구이,꼬마김밥*겨자장,김치우동,치킨핑거
김치죽/쌀밥,북어국,멸치크랜베리볶음,쌀밥/잡곡밥,꽃게탕,돈육굴소스볶음,쌀밥/잡곡밥,육개장,새우까스*탈탈소스
누룽지탕/쌀밥,감자국,브로컬리들깨찜,쌀밥/잡곡밥,아욱국,버섯불고기,쌀밥/잡곡밥,쇠고기미역국,닭갈비
표고버섯죽/쌀밥,맑은만두육개장,호박나물,쌀밥/잡곡밥,연두부탕,사천식탕수육,참치주먹밥,짬뽕,고구마그라탕
단호박죽/쌀밥,차돌박이찌개,시금치나물,나물비빔밥,미소장국,코다리조림,*,,
누룽지탕/쌀밥,고추장찌개,도라지나물,쌀밥/잡곡밥,들깨시래기국,제육볶음,목살필라프,로제파스타/스프,홍시드레싱샐러드
땅콩죽/쌀밥,피바지락국,미역줄기볶음,쌀밥/잡곡밥,동태탕,찜닭,쌀밥/잡곡밥,열무된장국,수제돈가스
누룽지탕/쌀밥,콩나물국,명엽채볶음,쌀밥/잡곡밥,들깨무채국,돈육피망볶음,쌀밥/잡곡밥,김치찌개,유린기
흑임자죽/쌀밥,버섯매운탕,감자채햄볶음,쌀밥/잡곡밥,소고기된장찌개,낙지볶음,참치회덮밥,미소장국,또띠아피자
누룽지탕/쌀밥,매생이굴국,숙주나물,콩나물밥,유부주머니국,생선까스&탈탈소스,쌀밥/잡곡밥,쇠고기샤브국,꽁치김치찜
팥죽/쌀밥,홍합탕,아삭고추무침,쌀밥/잡곡밥,봄동된장국,닭볶음탕,김밥,잔치국수,타코야끼
소라살죽/쌀밥,닭개장,연근조림,쌀밥/잡곡밥,부대찌개,미트볼케찹조림,쌀밥/잡곡밥,설렁탕,김치전
누룽지탕/쌀밥,북어국,김잔파무침,쌀밥/잡곡밥,해물된장찌개,돈육굴소스볶음,쌀밥/잡곡밥,배추국,쇠고기장조림
닭죽/쌀밥,선지해장국,감자조림,쌀밥/잡곡밥,차돌박이찌개,해물누룽지탕,김치볶음밥,어묵우동,미니햄버거
누룽지탕/쌀밥,김치국,치커리유자청무침,카레라이스,미소장국,떡갈비조림,쌀밥/잡곡밥,새알미역국,닭갈비
녹두죽/쌀밥,어묵국,꽈리고추찜,쌀밥/잡곡밥,우거지해장국,명태코다리조림,멸치주먹밥,나가사끼짬뽕,소고기퀘사디아
땅콩죽/쌀밥,꽃게탕,두부쑥갓무침,쌀밥/잡곡밥,들깨시래기국,표고버섯탕수육,쌀밥/잡곡밥,올갱이아욱국,등갈비김치찜
누룽지탕/쌀밥,호박젓국찌개,쥐포무침,쌀밥/잡곡밥,오징어국,버섯불고기,쌀밥/잡곡밥,돈육김치찌개,가자미카레튀김
야채죽/쌀밥,대구매운탕,감자채볶음,쌀밥/잡곡밥,달래된장국,주꾸미볶음,볶음밥*짜장소스,맑은국,닭오븐구이
누룽지탕/쌀밥,쇠고기무국,멸치볶음,쌀밥/잡곡밥,민물새우찌개,동파육,쌀밥/잡곡밥,근대국,고추잡채*꽃빵
양송이죽/쌀밥,고추장찌개,김자반,쌀밥/잡곡밥,순두부찌개,훈제오리구이,작은밥,바지락수제비,찹쌀순대볶음
김치죽/쌀밥,시금치된장국,브로컬리무침,쌀밥/잡곡밥,콩나물국,간장마늘치킨,쌀밥/잡곡밥,황태무채국,유자청제육볶음
잣죽/쌀밥,김치두부국,진미채무침,쌀밥/잡곡밥,꽃게탕,언양식불고기,쌀밥/잡곡밥,청국장찌개,돈육계란장조림
누룽지탕/쌀밥,북어콩나물국,새송이볶음,쌀밥/잡곡밥,쇠고기미역국,오징어볶음,*,,
견과류죽/쌀밥,피바지락국,치커리사과무침,쌀밥/잡곡밥,아욱된장국,돼지갈비찜,쌀밥/잡곡밥,옛날왕돈까스,크림스프
해물죽/쌀밥,냉이된장국,마늘쫑건새우볶음,쌀밥/잡곡밥,어묵국,닭볶음탕,쌀밥/잡곡밥,육개장,자반고등어구이
흑임자죽/쌀밥,시래기국,명엽채무침,쌀밥/잡곡밥,사골떡국,한방소갈비찜,쌀밥/잡곡밥,대구매운탕,유산슬
누룽지탕/쌀밥,어묵국,치커리사과무침,곤드레밥*간장양념,청량된장찌개,굴비구이,쌀밥/잡곡밥,홍합탕,사천식탕수육
닭죽/쌀밥,선지해장국,브로컬리들깨찜,쌀밥/잡곡밥,콩가루배추국,제육볶음,날치알김치볶음밥,어묵우동,새우또띠아
시금치죽/쌀밥,매생이굴국,가지두반장볶음,쌀밥/잡곡밥,부대찌개,깐풍기,쌀밥/잡곡밥,연두부탕,순대오징어볶음
누룽지탕/쌀밥,민물새우찌개,김자반,쌀밥/잡곡밥,황태국,소불고기,쌀밥/잡곡밥,냉이된장국,등갈비김치찜
견과류죽/쌀밥,감자국,멸치볶음,쌀밥/잡곡밥,근대국,양파치킨,목살필라프,옥수수스프,토마토스파게티
누룽지탕/쌀밥,유부김치국,두부쑥갓무침,콩나물밥,맑은국,고추잡채*꽃빵,쌀밥/잡곡밥,쇠고기미역국,주꾸미굴소스볶음
녹두죽/쌀밥,닭개장,감자채볶음,쌀밥/잡곡밥,봄동된장국,오징어돈육볶음,쌀밥/잡곡밥,뼈감자탕,삼치된장구이
야채죽/쌀밥,콩나물국,미역줄기볶음,쌀밥/잡곡밥,차돌박이찌개,명태코다리강정,쌀밥/잡곡밥,시래기국,훈제오리구이
누룽지탕/쌀밥,감자고추장찌개,시금치나물,쌀밥/잡곡밥,아욱국,유자청제육볶음,쌀밥/잡곡밥,매운버섯국,굴비구이
홍게살죽/쌀밥,열무된장국,느타리호박볶음,쌀밥/잡곡밥,꽃게탕,미니채소떡갈비,김치주먹밥,쌀국수,국물떡볶이
누룽지탕/쌀밥,대구매운탕,아삭고추무침,나물비빔밥,가쯔오장국,치킨핑거,쌀밥/잡곡밥,콩나물국,삼겹살구이
브로컬리죽/쌀밥,호박젓국찌개,검정콩조림,쌀밥/잡곡밥,된장찌개,쇠고기장조림,오므라이스,팽이장국,돈육강정
팥죽/쌀밥,피바지락국,고구마순볶음,쌀밥/잡곡밥,육개장,탕수어,쌀밥/잡곡밥,순두부찌개,닭갈비
누룽지탕/쌀밥,쇠고기무국,두부양념조림,쌀밥/잡곡밥,북어국,쇠고기숙주볶음,쌀밥/잡곡밥,돈육김치찌개,갈치구이
양송이죽/쌀밥,조랭이미역국,꽈리고추찜,쌀밥/잡곡밥,시금치된장국,오징어볶음,김밥,유부장국,해물볶음우동
누룽지탕/쌀밥,홍합탕,시래기조림,짜장덮밥,맑은국,과일탕수육,쌀밥/잡곡밥,근대국,안동찜닭
땅콩죽/쌀밥,달래된장찌개,김잔파무침,쌀밥/잡곡밥,김치콩나물국,돈육굴소스볶음,야채볶음밥,짬뽕,수제고로케
해물죽/쌀밥,감자국,톳두부무침,쌀밥/잡곡밥,연두부탕,순살파닭,쌀밥/잡곡밥,쇠고기샤브국,미트볼케찹조림
누룽지탕/쌀밥,꽃게탕,김구이,쌀밥/잡곡밥,봄동된장국,가래떡돼지갈비찜,쌀밥/잡곡밥,청국장찌개,류산슬
크림누룽지탕/쌀밥,매생이떡국,카레감자볶음,쌀밥/잡곡밥,어묵국,닭볶음,유부초밥,새우튀김우동,시저샐러드
누룽지탕/쌀밥,콩가루배추국,명엽채무침,김치제육덮밥,미소장국,양장피잡채,*,,
흑임자죽/쌀밥,피바지락국,마늘쫑건새우무침,쌀밥/잡곡밥,닭곰탕,매콤미니함박,후난식볶음밥,잔치국수,돈가스또띠아
호박죽/쌀밥,맑은만두육개장,곰피초장,쌀밥/잡곡밥,차돌박이찌개,표고버섯탕수육,쌀밥/잡곡밥,알탕,주꾸미굴소스볶음
누룽지탕/쌀밥,황태국,애호박나물,쌀밥/잡곡밥,순두부찌개,돈육볶음,쌀밥/잡곡밥,참치김치찌개,꽁치오븐구이
닭죽/쌀밥,선지해장국,김자반,쌀밥/잡곡밥,해물된장찌개,쇠고기장조림,낙지볶음덮밥,팽이장국,야채튀김
누룽지탕/쌀밥,연두부국,브로컬리들깨찜,콩나물밥,유부주머니국,언양식불고기,쌀밥/잡곡밥,시금치된장국,매운닭찜
양송이죽/쌀밥,쇠고기미역국,마늘쫑무침,쌀밥/잡곡밥,열무된장국,동파삼겹수육,쌀밥/잡곡밥,옛날왕돈까스,옥수수스프
김치죽/쌀밥,오징어국,꽈리고추찜,쌀밥/잡곡밥,부대찌개,해물청경채볶음,쌀밥/잡곡밥,감자고추장찌개,유린기
누룽지탕/쌀밥,봄동된장국,숙주나물,쌀밥/잡곡밥,차돌박이찌개,닭갈비,쌀밥/잡곡밥,육개장,가자미카레튀김
새우살죽/쌀밥,북어계란국,도라지나물,쌀밥/잡곡밥,아욱된장국,사천식탕수육,베이컨김치볶음밥,단호박스프,로제파스타
땅콩죽/쌀밥,콩나물국,어묵볶음,쌀밥/잡곡밥,떡국,버섯불고기,쌀밥/잡곡밥,쇠고기무국,고추잡채*꽃빵
누룽지탕/쌀밥,시래기된장국,진미채무침,쌀밥/잡곡밥,들깨미역국,훈제오리구이,쌀밥/잡곡밥,콩비지찌개,명태조림
잣죽/쌀밥,민물새우찌개,단배추나물,쌀밥/잡곡밥,배추된장국,짬뽕불고기,해물굴소스볶음밥,가쯔오장국,닭오븐구이
누룽지탕/쌀밥,꽃게탕,감자채볶음,카레덮밥,맑은국,고구마치즈구이,쌀밥/잡곡밥,우거지해장국,고등어자반찜
녹두죽/쌀밥,느타리버섯국,우엉조림,쌀밥/잡곡밥,콩나물국,마늘치킨,볶음밥(김밥재료),김치우동,오징어튀김
야채죽/쌀밥,호박젓국찌개,가지나물,쌀밥/잡곡밥,시금치된장국,등갈비김치찜,쌀밥/잡곡밥,대구매운탕,돈육장조림
누룽지탕/쌀밥,쑥국,애호박나물,쌀밥/잡곡밥,황태국,소고기숙주볶음,쌀밥/잡곡밥,쇠고기미역국,닭매운찜
땅콩죽/쌀밥,올챙이만두국,브로컬리들깨찜,쌀밥/잡곡밥,아욱된장국,돼지갈비찜,짜장잡채덮밥,계란국,연근/고구마튀김
누룽지탕/쌀밥,바지락국,시금치나물,곤드레밥*강된장,어묵국,치킨핑거*요거트소스,*,,
팥죽/쌀밥,감자국,명엽채무침,쌀밥/오곡밥,차돌박이된장찌개,조기구이,쌀밥/잡곡밥,콩나물김치국,돈육굴소스볶음
누룽지탕/쌀밥,시래기국,오이무침,쌀밥/잡곡밥,해물순두부찌개,소고기장조림,쌀밥/잡곡밥,콩나물국,돈육고추장볶음
닭죽/쌀밥,선지해장국,쑥갓두부무침,쌀밥/잡곡밥,근대된장국,닭강정,김밥,잔치국수,해물떡볶이
누룽지탕/쌀밥,고추장찌개,크렌베리멸치볶음,콩나물밥,가쯔오국,삼치구이,쌀밥/잡곡밥,된장찌개,삼겹살구이
단호박죽/쌀밥,무채국,콩나물무침,쌀밥/잡곡밥,홍합탕,오리불고기,산채비빔밥,유부장국,수제고로케
해물죽/쌀밥,오징어국,김자반,쌀밥/잡곡밥,쇠고기샤브국,주꾸미볶음,쌀밥/잡곡밥,설렁탕,김치전
누룽지탕/쌀밥,호박젓국찌개,브로컬리초장,쌀밥/잡곡밥,배추된장국,버섯불고기,쌀밥/잡곡밥,닭개장,갈치구이
야채죽/쌀밥,황태국,느타리호박볶음,쌀밥/잡곡밥,쇠고기무국,미트볼케찹조림,김치볶음밥,어묵우동,쇠고기퀘사디아
누룽지탕/쌀밥,조랭이미역국,아삭고추무침,쌀밥/잡곡밥,시금치된장국,탕수어,쌀밥/잡곡밥,콩비지찌개,유자청돈육볶음
잣죽/쌀밥,근대국,김잔파무침,쌀밥/잡곡밥,동태탕,닭데리야끼조림,작은밥,바지락수제비,사천식탕수육
단호박죽/쌀밥,김치콩나물국,취나물,쌀밥/잡곡밥,얼갈이국,오징어볶음,쌀밥/잡곡밥,콩나물국,닭갈비
누룽지탕/쌀밥,감자국,두부조림,쌀밥/잡곡밥,어묵국,돈육간장볶음,쌀밥/잡곡밥,부대찌개,고등어구이
흑임자죽/쌀밥,꽃게탕,미역줄기볶음,쌀밥/잡곡밥,된장찌개,해물누룽지탕,오므라이스,가쯔오장국,모둠튀김*칠리소스
누룽지탕/쌀밥,대구찌개,도라지나물,쌀밥/잡곡밥,쇠고기미역국,닭볶음탕,쌀밥/잡곡밥,연두부탕,돈육장조림
양송이죽/쌀밥,아욱국,진미채무침,쌀밥/잡곡밥,우거지해장국,코다리강정,빠에야,쌀국수,웨지감자
녹두죽/쌀밥,고추장찌개,검정콩조림,쌀밥/잡곡밥,열무된장국,수제돈까스,쌀밥/잡곡밥,버섯매운국,새우까스*탈탈소스
누룽지탕/쌀밥,민물새우찌개,김구이,쌀밥/잡곡밥,차돌박이찌개,닭갈비,쌀밥/잡곡밥,황태국,소고기숙주볶음
닭죽/쌀밥,무채국,문어꽈리초조림,쌀밥/잡곡밥,콩나물국,등갈비김치찜,김밥,나가사끼짬뽕,후르츠탕수육(황도)
누룽지탕/쌀밥,조랭이떡국,시금치나물,단호박카레라이스,유부장국,유린기,*,,
김치죽/쌀밥,냉이된장국,멸치볶음,쌀밥/잡곡밥,얼큰소고기국,고추잡채*꽃빵,참치회덮밥,미소장국,봄나물튀김
견과류죽/쌀밥,오징어국,청포묵무침,쌀밥/잡곡밥,참치김치찌개,주꾸미볶음,쌀밥/잡곡밥,시래기국,돼지갈비찜
누룽지탕/쌀밥,미역국,연근조림,쌀밥/잡곡밥,들깨버섯국,소고기낙지볶음,쌀밥/잡곡밥,육개장,꽁치오븐구이
해물죽/쌀밥,콩가루배추국,감자채볶음,쌀밥/잡곡밥,동태매운탕,언양식불고기,멸치주먹밥,잔치국수,훈제오리냉채
누룽지탕/쌀밥,김치콩나물국,모둠묵*장,곤드레밥*강된장,가쯔오장국,닭오븐구이,쌀밥/잡곡밥,시금치된장국,동파삼겹수육
팥죽/쌀밥,선지해장국,가지나물,쌀밥/잡곡밥,쑥된장국,류산슬,볶음밥&짜장소스,꼬지어묵탕,케이준치킨샐러드
참치야채죽/쌀밥,황태국,김잔파무침,쌀밥/잡곡밥,수제비국,양념치킨,쌀밥/잡곡밥,쇠고기샤브국,동태포전
누룽지탕/쌀밥,시금치된장국,명엽채무침,쌀밥/잡곡밥,콩나물국,제육볶음,쌀밥/잡곡밥,소고기매운국,굴비구이
표고버섯죽/쌀밥,감자국,느타리볶음,쌀밥/잡곡밥,민물새우찌개,소고기장조림,베이컨김치볶음밥,새우튀김우동,찹쌀순대볶음
누룽지탕/쌀밥,들깨시래기국,브로컬리초장,쌀밥/잡곡밥,아욱국,오징어볶음,쌀밥/잡곡밥,꽃게탕,레몬탕수육
땅콩죽/쌀밥,두부젓국찌개,취나물,쌀밥/잡곡밥,순두부찌개,코다리양념조림,후난식볶음밥,도토리묵냉국,닭강정
쇠고기죽/쌀밥,김치두부국,김자반,쌀밥/잡곡밥,근대국,안동찜닭,쌀밥/잡곡밥,어묵국,버섯불고기
누룽지탕/쌀밥,북어계란국,숙주나물,쌀밥/잡곡밥,배추된장국,짬뽕불고기,쌀밥/잡곡밥,차돌박이찌개,유린기
고구마죽/쌀밥,옹심이만두떡국,어묵볶음,쌀밥/잡곡밥,무채국,훈제오리구이,충무김밥,김치말이국수,오징어무침
누룽지탕/쌀밥,대구찌개,비름나물,콩나물밥,열무된장국,치킨핑거,쌀밥/잡곡밥,콩비지찌개,쇠고기야채볶음
녹두죽/쌀밥,고추장찌개,마늘쫑새우볶음,쌀밥/잡곡밥,알탕,돈육간장볶음,참치주먹밥,로제스파게티,미소장국
호박죽/쌀밥,오징어국,콩나물무침,쌀밥/잡곡밥,돈육김치찌개,가자미카레튀김,쌀밥/잡곡밥,소고기무국,닭갈비
누룽지탕/쌀밥,감자국,김구이,쌀밥/잡곡밥,콩나물국,류산슬,쌀밥/잡곡밥,청국장찌개,돼지갈비찜
야채죽/쌀밥,들깨버섯국,도토리묵무침,쌀밥/잡곡밥,쇠고기미역국,깐풍기,하와이안필라프,쌀국수,미니햄버거
누룽지탕/쌀밥,아욱된장국,감자채피망볶음,비빔밥,유부장국,오징어튀김,,,
팥죽/쌀밥,꽃게탕,콩자반,쌀밥/잡곡밥,시래기국,닭매운찜,유부초밥,우동,표고버섯탕수육
잣죽/쌀밥,냉이된장국,진미채무침,쌀밥/잡곡밥,순두부찌개,삼겹살구이,쌀밥/잡곡밥,쇠고기샤브국,주꾸미떡볶음
누룽지탕/쌀밥,북어해장국,애호박나물,쌀밥/잡곡밥,어묵국,닭데리야끼조림,쌀밥/잡곡밥,육개장,해물누룽지탕
누룽지탕/쌀밥,떡국,숙주나물,김치제육덮밥,유부장국,양장피잡채,쌀밥/잡곡밥,올갱이아욱국,소고기버섯볶음
참치죽/쌀밥,호밧젓국찌개,멸치볶음,쌀밥/잡곡밥,도토리묵냉국,수제돈까스*칠리소스,김밥,잔치국수,해물떡볶이
새우살죽/쌀밥,콩나물김치국,브로컬리*초장,쌀밥/잡곡밥,무청된장국,콩나물제육볶음,쌀밥/잡곡밥,감자국,쇠고기장조림
누룽지탕/쌀밥,들깨미역국,아삭고추무침,쌀밥/잡곡밥,배추된장국,버섯불고기,쌀밥/잡곡밥,삼계국밥,삼치양념찜
표고버섯죽/쌀밥,열무된장국,김가루실파무침,쌀밥/잡곡밥,돈육김치찌개,탕수어,쌀밥/잡곡밥,대구매운탕,언양식불고기
흑임자죽/쌀밥,매운버섯국,마늘쫑볶음,쌀밥/잡곡밥,근대국,돈육굴소스볶음,볶음밥*짜장소스,맑은국,사천식탕수육
쇠고기죽/쌀밥,북어계란국,오이사과무침,쌀밥/잡곡밥,소고기무국,오징어볶음,쌀밥/잡곡밥,꽃게탕,유린기
누룽지탕/쌀밥,어묵국,땅콩조림,쌀밥/잡곡밥,시금치된장국,훈제오리구이,쌀밥/잡곡밥,닭개장,고추잡채*꽃빵
호박죽/쌀밥,쇠고기무국,가지나물,쌀밥/잡곡밥,얼갈이된장국,등갈비김치찜,오므라이스,가쯔오장국,생선까스*탈탈소스
누룽지탕/쌀밥,오징어국,쑥갓두부무침,카레덮밥,맑은국,고구마치즈구이,쌀밥/잡곡밥,고추장찌개,갈치구이
양송이죽/쌀밥,선지해장국,브로컬리들깨찜,쌀밥/잡곡밥,콩나물국,닭볶음탕,멸치주먹밥,김치국수,깐풍육
녹두죽/쌀밥,동태탕,명엽채무침,쌀밥/잡곡밥,차돌박이된장찌개,주꾸미볶음,쌀밥/잡곡밥,연두부탕,미니채소떡갈비
누룽지탕/쌀밥,북어계란국,도라지나물,쌀밥/잡곡밥,시래기들깨탕,짬뽕불고기,쌀밥/잡곡밥,콩나물김치국,모듬장조림(소고기)
누룽지탕/쌀밥,감자국,마늘쫑무침,곤드레밥*강된장,얼갈이된장국,마늘치킨,쌀밥/잡곡밥,해물된장찌개,돈육칠리강정
닭죽/쌀밥,김치순두부찌개,도토리묵*장,쌀밥/잡곡밥,조랭이떡국,돼지갈비찜,토마토스파게티,완두콩스프,함박스테이크
흑임자죽/쌀밥,소고기미역국,꽈리고추찜,쌀밥/잡곡밥,사과오이냉국,꽁치오븐구이,쌀밥/잡곡밥,쇠고기무국,닭겨자냉채
누룽지탕/쌀밥,열무된장국,진미채볶음,쌀밥/잡곡밥,미역국,제육볶음,쌀밥/잡곡밥,고추장찌개,쇠고기숙주볶음
잣죽/쌀밥,황태국,우엉조림,쌀밥/잡곡밥,김치찌개,해물청경채볶음,볶음밥,짬뽕,깐풍기
누룽지탕/쌀밥,맑은만두육개장,참나물땅콩무침,콩나물밥,유부장국,수제돈가스,,,
해물죽/쌀밥,콩나물김치국,감자채볶음,쌀밥/잡곡밥,오징어국,동파삼겹수육,충무김밥,우동,오징어초무침
버섯죽/쌀밥,민물새우찌개,숙주나물,쌀밥/잡곡밥,우거지해장국,치킨핑거,쌀밥/잡곡밥,콩비지찌개,레몬탕수육
누룽지탕/쌀밥,시금치된장국,구운어묵볶음,쌀밥/잡곡밥,콩나물국,돈육간장볶음,쌀밥/잡곡밥,쇠고기샤브국,가자미양념찜
견과류죽/쌀밥,꽃게탕,김구이,쌀밥/잡곡밥,된장찌개,닭갈비,참치주먹밥,잔치국수,새우까스*칠리소스
야채죽/쌀밥,호박젓국찌개,아삭고추무침,쌀밥/잡곡밥,순두부찌개,고추잡채*꽃빵,쌀밥/잡곡밥,조랭이떡미역국,돈육장조림
김치죽/쌀밥,아욱국,청포묵무침,쌀밥/잡곡밥,대구매운탕,완자전,쌀밥/잡곡밥,얼갈이된장국,닭오븐구이
누룽지탕/쌀밥,감자국,문어꽈리초조림,쌀밥/잡곡밥,배추된장국,버섯불고기,쌀밥/잡곡밥,무채국,닭볶음탕
새우살죽/쌀밥,동태탕,느타리볶음,쌀밥/잡곡밥,육개장,고등어김치말이,쌀밥/잡곡밥,고추장찌개,언양식불고기
녹두죽/쌀밥,매운버섯국,김자반,쌀밥/잡곡밥,근대국,순살파닭,산채비빔밥,유부장국,모둠튀김*초간장
팥죽/쌀밥,북어해장국,깻순나물,쌀밥/잡곡밥,부대찌개,오징어볶음,쌀밥/잡곡밥,어묵국,돈육굴소스볶음
누룽지탕/쌀밥,김치국,멸치볶음,쌀밥/잡곡밥,미역국,훈제오리구이,쌀밥/잡곡밥,콩나물국,후르츠탕수육
잣죽/쌀밥,순두부찌개,연근조림,쌀밥/잡곡밥,꽃게탕,삼치데리야끼,마파두부덮밥,맑은국,소고기퀘사디아
누룽지탕/쌀밥,누룽지탕/쌀밥/새우죽,애호박나물,열무비빔밥,팽이장국,미니채소떡갈비,쌀밥/잡곡밥,된장찌개,유린기
양송이죽/쌀밥,호박젓국찌개,김구이,쌀밥/잡곡밥,오이냉국,짬뽕불고기,김밥,잔치국수,떡볶이
호박죽/쌀밥,열무된장국,숙주나물무침,쌀밥/잡곡밥,닭개장,코다리강정,*,,
누룽지탕/쌀밥,무채국,김잔파무침,쌀밥/잡곡밥,어묵국,닭갈비,쌀밥/잡곡밥,시래기국,삼겹살구이
견과류죽/쌀밥,차돌박이찌개,취나물무침,쌀밥/잡곡밥,돈육김치찌개,류산슬,유부초밥,콩국수,순대야채볶음
누룽지탕/쌀밥,감자고추장찌개,꽈리고추찜,카레덮밥,가쯔오장국,깐풍육,*,,
닭죽/쌀밥,오징어국,노각무침,쌀밥/잡곡밥,들깨버섯국,매운돼지갈비찜,쌀밥/잡곡밥,옛날돈가스,단호박스프
크림누룽지탕/쌀밥,조랭이떡국,콩나물무침,쌀밥/잡곡밥,육개장,동태무조림,쌀밥/잡곡밥,북어계란국,소고기불고기
누룽지탕/쌀밥,연두부탕,명엽채무침,쌀밥/잡곡밥,콩나물국,유자청제육볶음,쌀밥/잡곡밥,옹심이만두국,간장치킨
밤죽/쌀밥,민물새우찌개,검정콩조림,쌀밥/잡곡밥,아욱국,소고기장조림,후난식볶음밥,가쯔오장국,돈육강정
누룽지탕/쌀밥,대구찌개,시금치나물,곤드레밥*양념장,맑은국,탕수어,쌀밥/잡곡밥,들깨미역국,주꾸미볶음
쇠고기죽/쌀밥,감자국,건새우마늘쫑볶음,쌀밥/잡곡밥,근대국,닭볶음탕,멸치주먹밥,열무김치국수,부추만두
해물죽/쌀밥,우거지해장국,브로컬리들깨찜,쌀밥/잡곡밥,도토리묵냉국,동파삼겹수육,쌀밥/잡곡밥,배추된장국,가자미카레튀김
누룽지탕/쌀밥,김치두부국,김구이,쌀밥/잡곡밥,고추장찌개,돈육굴소스볶음,쌀밥/잡곡밥,닭개장,갈치구이
홍게살죽/쌀밥,시래기국,쑥갓두부무침,쌀밥/잡곡밥,쇠고기매운국,훈제오리구이,볶음밥/짜장소스,맑은국,사천식탕수육
누룽지탕/쌀밥,동태탕,진미채무침,나물비빔밥,미소장국,오징어튀김,쌀밥/잡곡밥,무채국,콩나물불고기
녹두죽/쌀밥,두부젓국찌개,열무나물,쌀밥/잡곡밥,호박잎된장찌개,깐풍기,빠에야,냉모밀국수,감자치즈구이
팥죽/쌀밥,오징어국,아삭고추무침,쌀밥/잡곡밥,어묵국,등갈비김치찜,쌀밥/잡곡밥,시금치국,해물누룽지탕
누룽지탕/쌀밥,감자국,동전쥐포무침,쌀밥/잡곡밥,된장찌개,소불고기,쌀밥/잡곡밥,돈육김치찌개,꽁치오븐구이
흑임자죽/쌀밥,콩나물국,두반장가지볶음,삼계탕,찹쌀밥,생야채,해물굴소스볶음밥,가쯔오국,로제파스타
누룽지탕/쌀밥,조랭이떡국,무생채,콩나물밥,유부장국,해물까스*칠리소스,쌀밥/잡곡밥,소고기미역국,오징어볶음
야채죽/쌀밥,북어해장국,김자반,쌀밥/잡곡밥,해물순두부찌개,안동찜닭,김밥,김치말이국수,떡볶이
해물죽/쌀밥,대구찌개,오이무침,쌀밥/잡곡밥,우무콩국,유자청제육볶음,쌀밥/잡곡밥,꽃게탕,돈육간장강정
누룽지탕/쌀밥,김치국,김구이,쌀밥/잡곡밥,어묵국,돈육굴소스볶음,쌀밥/잡곡밥,매운소고기국,유산슬
새우살죽/쌀밥,들깨버섯국,진미채무침,쌀밥/잡곡밥,우거지해장국,삼치양념구이,김치볶음밥,유부장국,탄두리치킨
누룽지탕/쌀밥,새알만두국,애호박나물,쌀밥/잡곡밥,쇠고기샤브국,유린기,,,
참치죽/쌀밥,된장찌개,문어꽈리초조림,쌀밥/잡곡밥,오이지냉국,매운돼지갈비찜,멸치주먹밥,우동,표고버섯탕수육
소고기죽/쌀밥,건새우아욱국,연근조림,쌀밥/잡곡밥,닭곰탕,주꾸미떡볶음,쌀밥/잡곡밥,차돌박이찌개,쇠고기장조림
누룽지탕/쌀밥,무채국,김잔파무침,쌀밥/잡곡밥,근대국,닭갈비,쌀밥/잡곡밥,호박젓국찌개,장어강정
홍게살죽/쌀밥,북어국,숙주나물,쌀밥/잡곡밥,콩나물국,짬뽕불고기,김밥볶음밥,꼬치어묵탕,케이준샐러드
누룽지탕/쌀밥,고추장찌개,땅콩조림,카레덮밥,가쯔오장국,떡갈비조림,쌀밥/잡곡밥,쇠고기무국,꽁치김치말이
야채죽/쌀밥,감자국,느타리볶음,쌀밥/잡곡밥,돈육김치찌개,갈치양념조림,야채주먹밥,잔치국수,훈제오리냉채
견과류죽/쌀밥,오징어국,시래기조림,쌀밥/잡곡밥,연두부탕,닭오븐구이,쌀밥/잡곡밥,콩가루배추국,언양식불고기
누룽지탕/쌀밥,들깨미역국,건새우마늘쫑볶음,쌀밥/잡곡밥,콩나물김치국,소불고기,쌀밥/잡곡밥,어묵국,닭볶음탕
밤죽/쌀밥,민물새우찌개,김구이,쌀밥/잡곡밥,얼갈이된장국,오징어볶음,목살필라프,미니우동,생선까스*탈탈소스
누룽지탕/쌀밥,대구찌개,깻순나물,열무보리비빔밥,맑은국,깐풍육,쌀밥/잡곡밥,육개장,고추잡채*꽃빵
브로컬리죽/쌀밥,시금치국,지리멸치볶음,쌀밥/잡곡밥,미역오이냉국,돈육장조림,쌀밥/잡곡밥,옛날돈까스,미소장국
단호박죽/쌀밥,선지해장국,꽈리고추찜,쌀밥/잡곡밥,된장찌개,굴비구이,쌀밥/잡곡밥,시래기국,돈삼겹보쌈
누룽지탕/쌀밥,오징어국,김자반,쌀밥/잡곡밥,들깨버섯국,제육볶음,쌀밥/잡곡밥,콩나물국,닭데리야끼구이
김치죽/쌀밥,황태국,노각무침,쌀밥/잡곡밥,차돌박이된장찌개,해물누룽지탕,곤드레밥*강된장,맑은국,후르츠탕수육
양송이죽/쌀밥,고추장찌개,시래기조림,쌀밥/잡곡밥,닭개장,동태포전,충무김밥,콩국수,오징어초무침
잣죽/쌀밥,열무된장국,영양부추생채,쌀밥/잡곡밥,알탕,쇠고기단호박조림,쌀밥/잡곡밥,부대찌개,등갈비바베큐조림
누룽지탕/쌀밥,감자국,두부쑥갓무침,쌀밥/잡곡밥,시금치된장국,훈제오리구이,쌀밥/잡곡밥,호박새우젓국,매운닭찜
닭죽/쌀밥,김치국,동전쥐포무침,쌀밥/잡곡밥,미역국,소고기불고기,투움바스파게티,가쯔오국,함박스테이크
누룽지탕죽/쌀밥,소고기무국,가지볶음,비빔밥,미소장국,해물까스,쌀밥/잡곡밥,시래기국,양념갈비찜
야채죽/쌀밥,연두부탕,연근조림,쌀밥/잡곡밥,된장찌개,꽁치레몬구이,멸치주먹밥,나가사끼짬뽕,새우또띠아
녹두죽/쌀밥,무채국,감자조림,쌀밥/잡곡밥,우무묵냉국,마늘치킨,쌀밥/잡곡밥,어묵국,오징어볶음
누룽지탕/쌀밥,버섯매운국,명엽채무침,쌀밥/잡곡밥,배추된장국,돈육간장불고기,쌀밥/잡곡밥,차돌박이찌개,코다리조림
팥죽/쌀밥,콩나물국,느타리버섯볶음,쌀밥/잡곡밥,쇠고기샤브국,탕수어,볶음밥*짜장소스,맑은국,깐풍기
누룽지탕/쌀밥,대구탕,검정콩조림,콩나물밥,팽이장국,치킨핑거,*,,
새송이죽/쌀밥,고추장찌개,크랜베리멸치볶음,쌀밥/잡곡밥,근대국,모듬장조림,오므라이스,미역장국,모듬튀김*칠리소스
호두죽/쌀밥,맑은만두육개장,김자반,쌀밥/잡곡밥,조랭이떡국,소고기낙지볶음,쌀밥/잡곡밥,황태국,유자청제육볶음
누룽지탕/쌀밥,동태찌개,진미채무침,쌀밥/잡곡밥,콩나물국,버섯불고기,쌀밥/잡곡밥,돈육김치찌개,유산슬
참치죽/쌀밥,아욱국,미역줄기볶음,쌀밥/잡곡밥,들깨시래기국,동파삼겹수육,닭갈비볶음밥,가쯔오장국,크림카레우동
누룽지탕/쌀밥,김치콩나물국,문어꽈리초조림,김치제육덮밥,맑은국,샐러드파스타,쌀밥/잡곡밥,육개장,고등어구이
쇠고기죽/쌀밥,어묵국,아삭고추무침,쌀밥/잡곡밥,꽃게탕,간장찜닭,꼬마김밥*겨자장,잔치국수,돈육강정
홍게살죽/쌀밥,열무된장국,가지나물,쌀밥/잡곡밥,미역국,매운주꾸미볶음,쌀밥/잡곡밥,콩비지찌개,생선까스*칠리소스
누룽지탕/쌀밥,감자국,김구이,쌀밥/잡곡밥,연두부국,돈육고추장불고기,쌀밥/잡곡밥,청국장찌개,가자미튀김
김치죽/쌀밥,북어해장국,동전쥐포무침,쌀밥/잡곡밥,쇠고기미역국,닭매운찜,김밥,김치말이국수,떡볶이
누룽지탕/쌀밥,배추된장국,무나물,소불고기덮밥,가쯔오장국,오징어튀김,쌀밥/잡곡밥,매운쇠고기국,유린기
야채죽/쌀밥,된장찌개,두부브로컬리무침,쌀밥/잡곡밥,시래기국,등갈비김치찜,쌀밥/잡곡밥,크림스프,수제돈까스*칠리소스
해물죽/쌀밥,선지해장국,멸치볶음,쌀밥/잡곡밥,고추장찌개,언양식불고기,쌀밥/잡곡밥,도토리묵냉국,해물누룽지탕
누룽지탕/쌀밥,무채국,김자반,쌀밥/잡곡밥,어묵국,돈육굴소스볶음,쌀밥/잡곡밥,들깨버섯국,오징어볶음
잣죽/쌀밥,열무된장국,연근조림,쌀밥/잡곡밥,닭개장,류산슬,유부초밥,우동,순대야채볶음
누룽지탕/쌀밥,떡국,숙주나물,카레덮밥,유부장국,감자프리타타,,,
양송이죽/쌀밥,콩나물국,취나물무침,쌀밥/잡곡밥,꽃게탕,소고기장조림,김치볶음밥/계란,유부주머니국,해물까스*탈탈소스
해물죽/쌀밥,오징어국,오이무침,쌀밥/잡곡밥,아욱된장국,돼지갈비찜/잡채,쌀밥/잡곡밥,시금치된장국,미니채소떡갈비
누룽지탕/쌀밥,된장찌개,멸치볶음,쌀밥/잡곡밥,어묵탕,돈육고추장불고기,쌀밥/잡곡밥,참치김치찌개,안동찜닭
누룽지탕/쌀밥,알탕,시금치나물,곤드레밥*강된장,맑은국,돈육강정,쌀밥/잡곡밥,쇠고기샤브국,가자미양념찜
쇠고기죽/쌀밥,시래기국,미역나물,쌀밥/잡곡밥,들깨버섯국,오징어볶음,김치주먹밥,우동,타코야끼
홍게살죽/쌀밥,연두부국,진미채무침,쌀밥/잡곡밥,설렁탕,김치전,쌀밥/잡곡밥,호박젓국찌개,장어강정
누룽지탕/쌀밥,콩나물국,김구이,쌀밥/잡곡밥,열무된장국,버섯불고기,쌀밥/잡곡밥,동태찌개,쇠고기장조림
김치죽/쌀밥,꽃게탕,꽈리고추찜,쌀밥/잡곡밥,매운소고기무국,조기구이,해물굴소스볶음밥,가쯔오장국,닭오븐구이
누룽지탕/쌀밥,북어해장국,모듬묵샐러드,콩나물밥,유부장국,생선가스*칠리소스,쌀밥/잡곡밥,차돌박이된장찌개,꽁치구이
야채죽/쌀밥,새알미역국,연근조림,쌀밥/잡곡밥,감자국,김치제육볶음,유부초밥,짬뽕,탕수육
크림누룽지탕/쌀밥,올갱이아욱국,단배추나물,쌀밥/잡곡밥,오징어국,닭갈비,쌀밥/잡곡밥,닭곰탕,류산슬
누룽지탕/쌀밥,김치두부국,가지나물,쌀밥/잡곡밥,고추장찌개,돈육간장불고기,쌀밥/잡곡밥,옹심이만두국,코다리조림
팥죽/쌀밥,연두부탕,시래기조림,쌀밥/잡곡밥,콩비지찌개,닭볶음탕,볶음밥*짜장소스,맑은국,탕수어
누룽지탕/쌀밥,된장찌개,건새우마늘쫑볶음,쌀밥/잡곡밥,콩나물국,등갈비김치찜,쌀밥/잡곡밥,대구찌개,언양식불고기
잣죽/쌀밥,배추된장국,고구마순나물,쌀밥/잡곡밥,얼갈이국,쇠고기낙지볶음,야채주먹밥,김치우동,깐풍기
녹두죽/쌀밥,우거지해장국,문어꽈리초조림,쌀밥/잡곡밥,근대국,오징어볶음,쌀밥/잡곡밥,육개장,가자미카레튀김
누룽지탕/쌀밥,들깨버섯국,진미채무침,쌀밥/잡곡밥,황태국,소불고기,쌀밥/잡곡밥,해물된장찌개,짬뽕불고기
흑임자죽/쌀밥,무채국,김자반,쌀밥/잡곡밥,어묵국,동파삼겹수육,쌀밥/잡곡밥,부대찌개,갈치구이
누룽지탕/쌀밥,민물새우찌개,느타리볶음,쌀밥/잡곡밥,콩나물국,수제돈가스,자기계발의날,,
고구마죽/쌀밥,피바지락국,유채나물,쌀밥/잡곡밥,시래기국,마늘간장치킨,목살필라프,가쯔오장국,로제스파게티
새우살죽/쌀밥,쇠고기무국,숙주나물,쌀밥/잡곡밥,배추된장국,훈제오리구이,쌀밥/잡곡밥,순두부찌개,해물누룽지탕
누룽지탕/쌀밥,열무된장국,명엽채볶음,쌀밥/잡곡밥,쇠고기샤브국,오징어볶음,쌀밥/잡곡밥,감자국,돈육간장불고기
브로컬리죽/쌀밥,북어해장국,김구이,쌀밥/잡곡밥,매운콩나물국,닭데리야끼구이,참치회덮밥,미소장국,쇠고기퀘사디아
누룽지탕/쌀밥,꽃게탕,어묵꽈리고추볶음,곤드레밥*강된장,맑은국,사천식탕수육,쌀밥/잡곡밥,된장찌개,해물청경채볶음
쇠고기죽/쌀밥,선지해장국,가지나물,쌀밥/잡곡밥,미역국,닭갈비,쌀밥/잡곡밥,뼈감자탕,해물까스*탈탈소스
홍게살죽/쌀밥,근대국,카레감자채볶음,쌀밥/잡곡밥,육개장,고등어구이,쌀밥/잡곡밥,콩비지찌개,쇠고기장조림
누룽지탕/쌀밥,김치국,멸치볶음,쌀밥/잡곡밥,순두부찌개,소고기불고기,쌀밥/잡곡밥,차돌박이찌개,유린기
호박죽/쌀밥,홍합탕,마늘쫑무침,쌀밥/잡곡밥,청국장찌개,돈육강정,통새우김밥,미니짬뽕,고구마그라탕
누룽지탕/쌀밥,맑은만두국,무나물,콩나물밥*양념장,팽이장국,치킨핑거*요거트드레싱,쌀밥/잡곡밥,시금치된장국,매운돼지갈비찜
해물죽/쌀밥,대구매운탕,숙주나물,쌀밥/잡곡밥,아욱국,유자청제육볶음,볶음밥*짜장소스,유부장국,닭오븐구이
잣죽/쌀밥,어묵국,미역줄기볶음,쌀밥/잡곡밥,알탕,언양식불고기,쌀밥/잡곡밥,콩가루배추국,미트볼케찹조림
누룽지탕/쌀밥,얼갈이국,꽃맛살볶음,쌀밥/잡곡밥,꽃게탕,돈육굴소스볶음,쌀밥/잡곡밥,닭개장,코다리양념조림
땅콩죽/쌀밥,무채국,동전쥐포무침,쌀밥/잡곡밥,들깨시래기국,주꾸미볶음,김치볶음밥/계란,가쯔오장국,탄두리치킨
누룽지탕/쌀밥,오징어국,꽈리고추찜,카레덮밥,맑은국,새우까스*탈탈소스,쌀밥/잡곡밥,열무된장국,삼겹살구이
흑임자죽/쌀밥,된장찌개,가지나물,쌀밥/잡곡밥,콩나물국,닭볶음탕,멸치주먹밥,해물수제비,양장피잡채
홍게살죽/쌀밥,우거지해장국,진미채무침,쌀밥/잡곡밥,근대국,버섯불고기,쌀밥/잡곡밥,고추장찌개,돈육장조림
누룽지탕/쌀밥,민물새우찌개,김구이,쌀밥/잡곡밥,얼갈이국,닭갈비,쌀밥/잡곡밥,부대찌개,굴비구이
야채죽/쌀밥,감자국,쑥갓두부무침,쌀밥/잡곡밥,배추된장국,짬뽕불고기,참치주먹밥,잔치국수,돈육강정
누룽지탕/쌀밥,재첩국,명엽채무침,나물비빔밥,가쯔오장국,오징어튀김,*,,
견과류죽/쌀밥,냉이된장국,청포묵무침,쌀밥/잡곡밥,두부김치국,레몬탕수육,쌀밥/잡곡밥,연두부탕,미니함박조림
닭죽/쌀밥,북어국,시금치나물,쌀밥/잡곡밥,매운버섯국,해물누룽지탕,쌀밥/잡곡밥,어묵국,깐풍기
누룽지탕/쌀밥,고추장찌개,시래기조림,쌀밥/잡곡밥,미역국,쇠고기낙지볶음,쌀밥/잡곡밥,된장찌개,돈육간장불고기
팥죽/쌀밥,바지락국,모듬묵*장,쌀밥/잡곡밥,차돌박이찌개,유린기,토마토스파게티,옥수수스프,굴소스볶음밥
누룽지탕/쌀밥,매생이굴국,감자채볶음,단호박영양밥,유부장국,언양식불고기,쌀밥/잡곡밥,육개장,삼치구이
참치야채죽/쌀밥,꽃게탕,진미채무침,쌀밥/잡곡밥,콩나물국,오리불고기,빠에야,쌀국수,웨지감자
김치죽/쌀밥,콩가루배추국,아삭고추무침,쌀밥/잡곡밥,떡만두국,쇠고기모듬장조림,쌀밥/잡곡밥,쇠고기샤브국,오징어볶음
누룽지탕/쌀밥,김치국,자반김,쌀밥/잡곡밥,아욱국,제육볶음,쌀밥/잡곡밥,순두부찌개,미트볼케찹조림
호박죽/쌀밥,감자국,미역줄기볶음,쌀밥/잡곡밥,시금치국,등갈비김치찜,생선초밥,우동,떡볶이
누룽지탕/쌀밥,선지해장국,멸치볶음,콩나물밥*양념장,가쯔오국,가자미튀김,쌀밥/잡곡밥,오징어국,양념치킨
야채죽/쌀밥,홍합탕,시금치나물,쌀밥/잡곡밥,매운어묵국,동파삼겹수육,짜장밥,계란국,사천식탕수육
낙지죽/쌀밥,시래기국,쑥갓두부무침,쌀밥/잡곡밥,동태찌개,치즈함박스테이크,쌀밥/잡곡밥,김치찌개,안동찜닭
누룽지탕/쌀밥,얼갈이된장국,꽈리고추찜,쌀밥/잡곡밥,콩나물국,짬뽕불고기,쌀밥/잡곡밥,된장찌개,주꾸미볶음
표고버섯죽/쌀밥,무채국,브로컬리들깨찜,쌀밥/잡곡밥,연두부탕,닭볶음탕,충무김밥,김치말이국수,오징어초무침
누룽지탕/쌀밥,호박젓국찌개,명엽채무침,곤드레밥*강된장,팽이장국,탕수어,쌀밥/잡곡밥,콩비지찌개,고등어구이
녹두죽/쌀밥,버섯매운탕,연근조림,쌀밥/잡곡밥,근대국,돼지갈비찜,쌀밥/잡곡밥,옛날돈까스,크림스프
쇠고기죽/쌀밥,북어계란국,톳두부무침,쌀밥/잡곡밥,닭개장,갈치양념조림,쌀밥/잡곡밥,쇠고기미역국,생선까스*탈탈소스
누룽지탕/쌀밥,콩나물김치국,쥐포무침,쌀밥/잡곡밥,열무된장국,훈제오리구이,쌀밥/잡곡밥,민물새우찌개,닭갈비
누룽지탕/쌀밥,꽃게탕,김구이,쌀밥/잡곡밥,아욱국,돈육굴소스볶음,자기계발의날,,
소라살죽/쌀밥,소고기무국,시래기지짐,쌀밥/잡곡밥,순두부찌개,오징어볶음,김밥볶음밥,짬뽕,깐풍기
양송이죽/쌀밥,대구매운탕,검정콩조림,쌀밥/잡곡밥,고추장찌개,버섯불고기,쌀밥/잡곡밥,육개장,코다리조림
누룽지탕/쌀밥,된장찌개,단배추나물,쌀밥/잡곡밥,콩나물국,돈육고추장불고기,쌀밥/잡곡밥,들깨시래기국,훈제오리볶음
누룽지탕/쌀밥,어묵국,김자반,쌀밥/잡곡밥,떡국,소갈비찜,쌀밥/잡곡밥,부대찌개,마늘간장치킨
해물죽/쌀밥,감자국,무생채,쌀밥/잡곡밥,차돌박이찌개,안동찜닭,새우볶음밥,우동,깐풍육
잣죽/쌀밥,쇠고기샤브국,멸치볶음,쌀밥/잡곡밥,두부김치국,언양식불고기,쌀밥/잡곡밥,북어계란국,미트볼떡조림
누룽지탕/쌀밥,호박젓국찌개,구이김,쌀밥/잡곡밥,시래기국,쇠고기숙주볶음,쌀밥/잡곡밥,미역국,매운돼지갈비찜
참치야채/쌀밥,냉이된장국,모듬묵*장,쌀밥/잡곡밥,콩나물국,치즈함박스테이크,멸치주먹밥,잔치국수,유린기
누룽지탕/쌀밥,매생이굴국,브로컬리들깨무침,비빔밥,맑은국,치킨핑거*요거트소스,쌀밥/잡곡밥,닭곰탕,오징어볶음
야채죽/쌀밥,선지해장국,미역줄기볶음,쌀밥/잡곡밥,육개장,탕수육,닭갈비볶음밥,가쯔오국,크림카레우동
호박죽/쌀밥,바지락국,무채나물,쌀밥/잡곡밥,꽃게탕,고추잡채*꽃빵,쌀밥/잡곡밥,해물순두부찌개,닭데리야끼구이
누룽지탕/쌀밥,북어국,진미채무침,쌀밥/잡곡밥,알탕,돈육굴소스볶음,쌀밥/잡곡밥,김치찌개,굴비구이
닭죽/쌀밥,근대국,땅콩조림,쌀밥/잡곡밥,어묵국,등갈비김치말이,목살필라프,팽이가쯔오장국,로제파스타
누룽지탕/쌀밥,소고기무국,곰피초장,짜장덮밥,맑은국,유산슬,쌀밥/잡곡밥,된장찌개,돈육장조림
밤죽/쌀밥,동태찌개,열무된장나물,쌀밥/잡곡밥,봄동된장국,쇠고기낙지볶음,오므라이스,미역장국,모듬튀김*칠리소스
홍게살죽/쌀밥,홍합탕,김잔파무침,쌀밥/잡곡밥,콩나물김치국,순살파닭,쌀밥/잡곡밥,닭개장,해물청경채볶음
누룽지탕/쌀밥,감자국,김자반,쌀밥/잡곡밥,고추장찌개,버섯불고기,쌀밥/잡곡밥,차돌박이찌개,주꾸미볶음
양송이죽/쌀밥,버섯매운탕,꽈리고추찜,쌀밥/잡곡밥,배추된장국,닭볶음탕,참치회덮밥,미소장국,또띠아피자
누룽지탕/쌀밥,대구탕,두부양념조림,콩나물밥,맑은국,생선까스*탈탈소스,쌀밥/잡곡밥,아욱국,돈육강정
쇠고기죽/쌀밥,김치두부국,느타리호박볶음,쌀밥/잡곡밥,얼갈이국,누룽지탕수육,김치주먹밥,쌀국수,국물떡볶이
고구마죽/쌀밥,오징어국,어묵볶음,쌀밥/잡곡밥,수제비국,짬뽕불고기,쌀밥/잡곡밥,콩비지찌개,닭갈비
누룽지탕/쌀밥,무채국,진미채무침,쌀밥/잡곡밥,된장찌개,김치제육볶음,쌀밥/잡곡밥,배추된장국,양념갈비찜
닭죽/쌀밥,북어해장국,땅콩조림,쌀밥/잡곡밥,새알만두국,양파치킨,김밥,나가사끼짬뽕,순대야채볶음
누룽지탕/쌀밥,콩나물국,치커리사과무침,카레덮밥,유부장국,새우까스*칠리소스,자기개발의날,,
단팥죽/쌀밥,꽃게탕,마늘쫑볶음,쌀밥/잡곡밥,청국장찌개,갈치구이,쌀밥/잡곡밥,옛날왕돈까스,옥수수스프
야채죽/쌀밥,바지락국,새송이버섯볶음,쌀밥/잡곡밥,시금치국,동파삼겹수육,쌀밥/잡곡밥,참치김치찌개,소고기모듬장조림
견과류죽/쌀밥,김치두부국,김자반,쌀밥/잡곡밥,열무된장국,훈제오리구이,쌀밥/잡곡밥,연두부탕,양념치킨
누룽지탕/쌀밥,시래기국,멸치볶음,쌀밥/잡곡밥,황태국,제육볶음,쌀밥/잡곡밥,쇠고기국,해물누룽지탕
누룽지탕/쌀밥,콩나물국,두부쑥갓무침,쌀밥/잡곡밥,어묵국,소불고기,쌀밥/잡곡밥,된장찌개,닭볶음탕
땅콩죽/쌀밥,동태찌개,아삭고추무침,쌀밥/잡곡밥,순두부찌개,돈육장조림,볶음밥*짜장소스,가쯔오장국,사천식탕수육
누룽지탕/쌀밥,조랭이미역국,쥐포무침,낙지비빔밥,맑은국,메추리알조림,쌀밥/잡곡밥,근대국,돈육간장볶음
표고버섯죽/쌀밥,호박젓국찌개,브로컬리초장,쌀밥/잡곡밥,꽃게탕,미니채소떡갈비,참치주먹밥,우동,케이준샐러드
녹두죽/쌀밥,홍합탕,시금치나물,쌀밥/잡곡밥,봄동된장국,오징어볶음,쌀밥/잡곡밥,육개장,탕수어
누룽지탕/쌀밥,냉이된장국,명엽채무침,쌀밥/잡곡밥,콩비지찌개,치즈함박스테이크,쌀밥/잡곡밥,얼갈이국,돈육굴소스볶음
잣죽/쌀밥,감자국,꽈리고추찜,쌀밥/오곡밥,차돌박이찌개,굴비구이,김치볶음밥/계란,가쯔오장국,탄두리치킨
누룽지탕/쌀밥,대구탕,느타리호박볶음,곤드레밥*양념장,맑은국,치킨핑거,쌀밥/잡곡밥,매운버섯국,가자미튀김
호박죽/쌀밥,황태국,가지나물,쌀밥/잡곡밥,아욱국,돼지갈비찜,목살필라프,미니잔치국수,생선까스*칠리소스
해물죽/쌀밥,맑은만두육개장,땅콩조림,쌀밥/잡곡밥,돈육김치찌개,언양식불고기,쌀밥/잡곡밥,오징어국,닭갈비
누룽지탕/쌀밥,어묵탕,시금치나물,쌀밥/잡곡밥,고추장찌개,버섯불고기,쌀밥/잡곡밥,콩나물국,류산슬
견과류죽/쌀밥,연두부탕,모듬묵*장,쌀밥/잡곡밥,쇠고기미역국,미트볼칠리조림,유부초밥,짬뽕,깐풍기
누룽지탕/쌀밥,된장찌개,도라지나물,비빔밥,유부장국,오징어튀김,*,자기계발의날,*
소고기죽/쌀밥,김치국,아삭고추무침,쌀밥/잡곡밥,콩가루배추된장국,돈삼겹보쌈,쌀밥/잡곡밥,소고기무국,주꾸미볶음
누룽지탕/쌀밥,감자국,김구이,쌀밥/잡곡밥,해물된장찌개,돈육간장불고기,쌀밥/잡곡밥,김치순두부찌개,소고기장조림
닭죽/쌀밥,냉이된장국,미역레몬초무침,쌀밥/잡곡밥,육개장,고추잡채*꽃빵,김밥,미니우동,떡볶이
누룽지탕/쌀밥,들깨무채국,멸치볶음,콩나물밥,미역장국,코다리강정,쌀밥/잡곡밥,쇠고기샤브국,오징어볶음
단팥죽/쌀밥,동태탕,감자채볶음,쌀밥/잡곡밥,북어해장국,소고기낙지볶음,볶음밥,단호박스프,로제스파게티
야채죽/쌀밥,조랭이떡국,실곤약흑임자무침,쌀밥/잡곡밥,차돌박이찌개,해물누룽지탕,쌀밥/잡곡밥,시금치국,수원왕갈비통닭
누룽지탕/쌀밥,연두부탕,유채나물,쌀밥/잡곡밥,어묵국,쇠고기숙주볶음,쌀밥/잡곡밥,된장찌개,유자청제육볶음
새우살죽/쌀밥,호박젓국찌개,검정콩조림,쌀밥/잡곡밥,쑥국,안동찜닭,오므라이스,미소장국,모듬튀김*칠리소스
누룽지탕/쌀밥,꽃게탕,김자반,카레덮밥,가쯔오장국,고구마치즈구이,쌀밥/잡곡밥,수제비국,순살파닭
흑임자죽/쌀밥,오징어국,도라지생채,쌀밥/잡곡밥,우거지해장국,갈치구이,쌀밥/옛날돈까스,양송이스프,딸기드레싱샐러드
고구마죽/쌀밥,매운버섯국,미역줄기볶음,쌀밥/잡곡밥,열무된장국,등갈비김치찜,쌀밥/잡곡밥,달래된장국,레몬탕수육
누룽지탕/쌀밥,민물새우찌개,쥐포무침,쌀밥/잡곡밥,콩나물국,버섯불고기,쌀밥/잡곡밥,배추된장국,닭갈비
땅콩죽/쌀밥,황태국,꽈리고추찜,쌀밥/잡곡밥,아욱국,동파육,꼬마김밥*겨자장,김치우동,해물까스/케찹
누룽지탕/쌀밥,대구찌개,김잔파무침,김치제육덮밥,맑은국,야채튀김,쌀밥/잡곡밥,닭개장,고등어구이
녹두죽/쌀밥,감자국,멸치아몬드볶음,쌀밥/잡곡밥,미역국,한방소갈비찜,빠에야,쌀국수,수제고로케
낙지김치죽/쌀밥,옹심이만두떡국,유채나물,쌀밥/잡곡밥,해물된장찌개,돈육굴소스볶음,쌀밥/잡곡밥,참치김치찌개,언양식불고기
누룽지탕/쌀밥,김치국,김자반,쌀밥/잡곡밥,꽃게탕,소고기장조림,쌀밥/잡곡밥,시래기국,삼겹살구이
잣죽/쌀밥,닭곰탕,연두부*양념장,쌀밥/잡곡밥,무채국,제육볶음,잡채밥&짜장소스,맑은국,간장치킨
누룽지탕/쌀밥,된장찌개,애호박나물,단호박영양밥,가쯔오장국,돈육칠리강정,*,자기개발의날,*
수삼닭죽/쌀밥,쇠고기버섯국,시금치나물,쌀밥/잡곡밥,어묵탕,매운돼지갈비찜,충무김밥,우동,오징어초무침
야채죽/쌀밥,고추장찌개,도라지나물,쌀밥/잡곡밥,알탕,미니함박조림,쌀밥/잡곡밥,쇠고기샤브국,깐풍기
누룽지탕/쌀밥,시금치국,김구이,쌀밥/잡곡밥,황태국,소고기숙주볶음,쌀밥/잡곡밥,감자국,새송이너비아니구이
고구마죽/쌀밥,달래된장찌개,진미채무침,쌀밥/잡곡밥,연두부탕,오징어볶음,목살필라프,꼬지어묵국,탕수육
누룽지탕/쌀밥,만두국,땅콩조림,곤드레밥*강된장,들깨시래기국,순대볶음,쌀밥/잡곡밥,부대찌개,돈육장조림
흑임자죽/쌀밥,호박젓국찌개,마늘쫑볶음,쌀밥/잡곡밥,돈육김치찌개,안동찜닭,쌀밥/잡곡밥,뼈감자탕,해물까스*와사비소스
야채죽/쌀밥,소고기무국,김치도토리묵무침,쌀밥/잡곡밥,조랭이떡미역국,짬뽕불고기,쌀밥/잡곡밥,청국장찌개,류산슬
누룽지탕/쌀밥,북어국,멸치볶음,쌀밥/잡곡밥,된장찌개,유자청돈육볶음,쌀밥/잡곡밥,김치두부국,닭갈비
팥죽/쌀밥,미역국,쑥갓두부무침,쌀밥/잡곡밥,순두부찌개,주꾸미볶음,참치회덮밥,미소장국,또띠아피자
누룽지탕/쌀밥,피바지락국,미역줄기볶음,나물비빔밥,가쯔오장국,오징어튀김,쌀밥/잡곡밥,육개장,꽁치구이*와사비장
김치죽/쌀밥,근대국,김자반,쌀밥/잡곡밥,콩나물국,수제돈까스,베이컨김치볶음밥,새우튀김우동,찐만두
홍게살죽/쌀밥,대구매운탕,꽈리고추찜,쌀밥/잡곡밥,아욱국,닭오븐구이,쌀밥/잡곡밥,배추된장국,돈육강정
누룽지탕/쌀밥,오징어국,땅콩아몬드조림,쌀밥/잡곡밥,매운어묵국,버섯불고기,쌀밥/잡곡밥,차돌박이찌개,가자미카레튀김
견과류죽/쌀밥,김치콩나물국,두부양념조림,쌀밥/잡곡밥,열무된장국,닭볶음탕,토마토스파게티(작은밥),크림스프,미니햄버거
누룽지탕/쌀밥,꽃게탕,김잔파무침,쌀밥/잡곡밥,떡국,오징어볶음,쌀밥/잡곡밥,콩비지찌개,간장마늘치킨
녹두죽/쌀밥,재첩국,호박나물,쌀밥/잡곡밥,매운버섯국,미트볼케찹조림,김밥볶음밥,짬뽕,크림새우
해물죽/쌀밥,무채국,시금치나물,짜장덮밥,맑은국,사천식탕수육,쌀밥/잡곡밥,고추장찌개,돈육굴소스볶음
누룽지탕/쌀밥,북어해장국,두반장가지볶음,쌀밥/잡곡밥,들깨시래기국,유자청돈육볶음,쌀밥/잡곡밥,콩가루배추국,닭데리야끼조림
새우살죽/쌀밥,맑은순두부국,검정콩조림,쌀밥/잡곡밥,된장찌개,쇠고기장조림,쌀밥/잡곡밥,수제비국,고등어구이
누룽지탕/쌀밥,콩나물국,미역줄기볶음,카레라이스,미소장국,언양식불고기,*,자기계발의날,*
흑임자죽/쌀밥,감자국,아삭고추된장무침,쌀밥/잡곡밥,두부김치국,해물누룽지탕,파인애플볶음밥,유부주머니국,새우까스*와사비소스
야채죽/쌀밥,닭곰탕,도토리묵*장,쌀밥/잡곡밥,미역국,돈육간장강정,쌀밥/잡곡밥,시금치국,유린기
누룽지탕/쌀밥,건새우아욱국,김구이,쌀밥/잡곡밥,김치콩나물국,버섯불고기,쌀밥/잡곡밥,매운소고기무국,삼치구이
참치죽/쌀밥,꽃게탕,시래기조림,쌀밥/잡곡밥,소고기샤브국,오징어볶음,김밥,잔치국수,야채튀김
잣죽/쌀밥,호박젓국찌개,멸치볶음,쌀밥/잡곡밥,해물된장찌개,안동찜닭,삼겹살볶음밥,미소장국,볶음우동
팥죽/쌀밥,조랭이떡국,두부쑥갓무침,쌀밥/잡곡밥,순두부찌개,미니채소떡갈비,쌀밥/잡곡밥,황태국,돈육피망볶음
누룽지탕/쌀밥,미역국,명엽채무침,쌀밥/잡곡밥,어묵국,훈제오리구이,쌀밥/잡곡밥,콩나물국,닭갈비
양송이죽/쌀밥,소고기무국,브로컬리들깨찜,콩나물밥,가쯔오장국,치킨핑거/요거트D,쌀밥/잡곡밥,육개장,굴비구이
누룽지탕/쌀밥,김치두부국,문어꽈리초조림,쌀밥/잡곡밥,근대국,보쌈,잡채밥/짜장소스,맑은국,소고기퀘사디아
단호박죽/쌀밥,고추장찌개,가지나물,쌀밥/잡곡밥,참치김치찌개,소고기장조림,쌀밥/잡곡밥,열무된장국,레몬탕수육
누룽지탕/쌀밥,황태국,시금치나물,쌀밥/잡곡밥,아욱국,제육볶음,쌀밥/잡곡밥,부대찌개,고등어자반찜
야채죽/쌀밥,감자국,느타리볶음,쌀밥/잡곡밥,차돌된장찌개,해물청경채볶음,멸치주먹밥,김치우동,고구마치즈구이
누룽지탕/쌀밥,오징어국,김구이,산채비빔밥,가쯔오장국,치킨너겟*머스타드,쌀밥/잡곡밥,시래기국,버섯불고기
녹두죽/쌀밥,배추된장국,멸치볶음,쌀밥/잡곡밥,연두부탕,돼지갈비찜,닭갈비볶음밥,쌀국수,해물까스*와사비소스
쇠고기죽/쌀밥,콩나물국,쥐포무침,쌀밥/잡곡밥,버섯매운탕,탕수어,쌀밥/잡곡밥,닭개장,미니함박조림
누룽지탕/쌀밥,무채국,김자반,쌀밥/잡곡밥,된장찌개,소고기숙주나물볶음,쌀밥/잡곡밥,떡국,고추잡채*꽃빵
흑임자죽/쌀밥,동태탕,애호박나물,쌀밥/잡곡밥,해물순두부찌개,수원왕갈비통닭,충무김밥,미니국수,오징어초무침
누룽지탕/쌀밥,근대국,머위대나물,쌀밥/잡곡밥,꽃게탕,새송이떡갈비구이,쌀밥/잡곡밥,버섯들깨탕,과일탕수육
잣죽/쌀밥,미역국,오징어젓갈무침,쌀밥/잡곡밥,소고기국,가자미튀김,해물굴소스볶음밥,스프,토마토스파게티
고구마죽/쌀밥,어묵탕,감자조림,낙지비빔밥,콩나물국,부추전,쌀밥/잡곡밥,고추장찌개,두부커틀릿
누룽지탕/쌀밥,들깨시래기국,김가루잔파무침,쌀밥/잡곡밥,북어국,돈육콩나물불고기,쌀밥/잡곡밥,두부김치국,소고기장조림
땅콩죽/쌀밥,호박젓국찌개,두부쑥갓무침,쌀밥/잡곡밥,오징어국,안동찜닭,유부초밥,가쯔오장국,야채쫄면
호박죽/쌀밥,차돌박이찌개,청포묵무침,쌀밥/잡곡밥,배추된장국,수제돈가스,*,자기개발의날,*
누룽지탕/쌀밥,맑은만두국,깻순나물,쌀밥/잡곡밥,육개장,고등어구이,쇠고기숙주규동덮밥,미소장국,파스타샐러드
해물죽/쌀밥,감자국,꽈리고추찜,봄나물비빔밥,맑은국,함박스테이크,쌀밥/잡곡밥,무청된장국,닭갈비
누룽지탕/쌀밥,황태국,진미채무침,쌀밥/잡곡밥,콩나물국,짬뽕불고기,쌀밥/잡곡밥,순두부찌개,삼치튀김*데리소스
새우살죽/쌀밥,미역국,아삭고추무침,쌀밥/잡곡밥,아욱국,등갈비김치찜,참치주먹밥,우동,닭오븐구이
누룽지탕/쌀밥,대구매운탕,어묵볶음,곤드레밥*양념장,맑은국,코다리조림,쌀밥/잡곡밥,된장찌개,동파삼겹수육
야채죽/쌀밥,무채국,멸치볶음,쌀밥/잡곡밥,고추장찌개,언양식불고기,쌀밥/잡곡밥,두부김치국,닭강정
누룽지탕/쌀밥,연두부탕,명엽채무침,쌀밥/잡곡밥,매운어묵국,소불고기,쌀밥/잡곡밥,얼갈이된장국,삼겹살구이
고구마죽/쌀밥,시금치국,가지나물,쌀밥/잡곡밥,부대찌개,오징어볶음,김밥볶음밥,초계국수,떡볶이
누룽지탕/쌀밥,오징어국,김자반,김치제육덮밥,맑은국,사과고구마그라탕,쌀밥/잡곡밥,매운버섯국,갈치구이
잣죽/쌀밥,근대국,문어꽈리초조림,쌀밥/잡곡밥,옹심이만두국,닭볶음탕,오므라이스,가쯔오장국,훈제오리냉채
팥죽/쌀밥,우거지해장국,열무나물,쌀밥/잡곡밥,오이냉국,사천식탕수육,쌀밥/잡곡밥,동태탕,미트볼케찹조림
누룽지탕/쌀밥,들깨미역국,진미채볶음,쌀밥/잡곡밥,열무된장국,돼지고기유자청볶음,쌀밥/잡곡밥,콩나물김치국,류산슬
닭죽/쌀밥,꽃게탕,시금치나물,쌀밥/잡곡밥,북어해장국,매운돼지갈비찜,베이컨볶음밥,유부장국,토마토스파게티
누룽지탕/쌀밥,해물순두부찌개,멸치볶음,짜장덮밥,맑은국,깐풍기,쌀밥/잡곡밥,된장찌개,닭갈비
호박죽/쌀밥,민물새우찌개,감자채볶음,쌀밥/잡곡밥,감자국,주꾸미볶음,쌀밥/잡곡밥,뼈감자탕,유린기
야채죽/쌀밥,차돌박이찌개,비름나물,쌀밥/잡곡밥,청국장찌개,소고기장조림,쌀밥/잡곡밥,쇠고기샤브국,미니야채떡갈비
누룽지탕/쌀밥,시래기국,김구이,쌀밥/잡곡밥,어묵국,소불고기,쌀밥/잡곡밥,소고기매운무국,오징어굴소스볶음
흑임자죽/쌀밥,콩나물국,무나물,쌀밥/잡곡밥,참치김치찌개,돈육장조림,중국식볶음밥,짬뽕,고추잡채*꽃빵
누룽지탕/쌀밥,콩가루배추국,알감자조림,카레덮밥,가쯔오장국,고구마치즈구이,*,자기개발의날,*
녹두죽/쌀밥,오징어국,참나물생채,쌀밥/잡곡밥,소고기미역국,양념치킨,빠에야,올챙이만두국,소고기퀘사디아
소고기죽/쌀밥,감자고추장찌개,우엉조림,콩나물밥*양념장,팽이장국,치킨핑거*요거트드레싱,쌀밥/잡곡밥,아욱국,돈육강정
누룽지탕/쌀밥,두부젓국찌개,느타리볶음,쌀밥/잡곡밥,순두부찌개,치즈함박스테이크,쌀밥/잡곡밥,차돌된장찌개,고등어구이
호박죽/쌀밥,무채국,건새우마늘쫑볶음,쌀밥/잡곡밥,사과오이냉국,쇠고기낙지볶음,꼬마김밥*겨자장,우동,생선까스*탈탈소스
누룽지탕/쌀밥,꽃게탕,진미채무침,마파두부덮밥,맑은국,치킨너겟,쌀밥/잡곡밥,근대국,돈육간장볶음
잣죽/쌀밥,콩나물국,미역줄기볶음,쌀밥/잡곡밥,열무된장국,짬뽕불고기,베이컨김치볶음밥,냉모밀국수,해물부추전
해물죽/쌀밥,황태국,호박채나물,쌀밥/잡곡밥,김치두부국,훈제오리구이,쌀밥/잡곡밥,배추된장국,레몬탕수육
누룽지탕/쌀밥,쇠고기무국,김잔파무침,쌀밥/잡곡밥,오징어국,버섯불고기,쌀밥/잡곡밥,콩나물국,해물누룽지탕
표고버섯죽/쌀밥,고추장찌개,시금치나물,쌀밥/잡곡밥,시래기국,닭볶음탕,멸치주먹밥,잔치국수,케이준샐러드
누룽지탕/쌀밥,동태탕,브로컬리초장,열무보리비빔밥,가쯔오장국,깐풍육,쌀밥/잡곡밥,육개장,가자미튀김
새우살죽/쌀밥,감자국,멸치아몬드볶음,쌀밥/잡곡밥,근대국,삼겹보쌈,쌀밥/잡곡밥,들깨미역국,언양식불고기
견과류죽/쌀밥,매운버섯국,깻순나물,<초복특식>,삼계탕,찹쌀밥,쌀밥/잡곡밥,된장찌개,소고기장조림
누룽지탕/쌀밥,무채국,김자반,쌀밥/잡곡밥,차돌박이찌개,돈육굴소스볶음,쌀밥/잡곡밥,시래기들개탕,오징어볶음*소면
야채죽/쌀밥,조랭이떡국,가지나물,쌀밥/잡곡밥,북어계란국,닭갈비,유부초밥,콩국수,떡볶이
누룽지탕/쌀밥,연두부탕,명엽채무침,산채비빔밥,미소장국,야채튀김,쌀밥/잡곡밥,두부김치국,돼지고기장조림
녹두죽/쌀밥,열무된장국,영양부추생채,쌀밥/잡곡밥,돈육김치찌개,미니채소떡갈비,쌀밥/잡곡밥,브로컬리크림스프,옛날왕돈가스
흑임자죽/쌀밥,콩나물국,연근조림,쌀밥/잡곡밥,소고기무국,갈치구이,쌀밥/잡곡밥,꽃게탕,안동찜닭
누룽지탕/쌀밥,호박젓국찌개,김잔파무침,쌀밥/잡곡밥,매운어묵국,소고기숙주볶음,쌀밥/잡곡밥,얼갈이국,오리불고기
닭죽/쌀밥,감자국,동전문어조림,쌀밥/잡곡밥,시금치된장국,등갈비김치찜,김밥,맑은국,해물볶음우동
누룽지탕/쌀밥,시래기국,감자조림,카레라이스,가쯔오국,갈비통통만두,쌀밥/잡곡밥,된장찌개,대패삼겹*파채
해물죽/쌀밥,올챙이만두국,어묵볶음,쌀밥/잡곡밥,매운소고기국,유린기,파인애플볶음밥,유부주머니국,사천식탕수육
잣죽/쌀밥,쇠고기샤브국,애호박나물,쌀밥/잡곡밥,우묵냉국,고구마함박스테이크,쌀밥/잡곡밥,맑은연두부탕,돈육매콤조림
누룽지탕/쌀밥,북어해장국,진미채무침,쌀밥/잡곡밥,시금치국,유자청제육볶음,쌀밥/잡곡밥,무채국,버섯불고기
흑임자죽/쌀밥,두부김치국,깻순나물,쌀밥/잡곡밥,사과오이냉국,장어강정,김치볶음밥,유부장국,탄두리치킨
누룽지탕/쌀밥,열무된장국,멸치볶음,곤드레밥*양념장,맑은국,해물누룽지탕,자기계발의날,,
표고버섯죽/쌀밥,민물새우찌개,노각무침,쌀밥/잡곡밥,아욱국,닭볶음탕,참치주먹밥,열무물국수,돈육강정
홍게살죽/쌀밥,우거지해장국,땅콩조림,쌀밥/잡곡밥,고추장찌개,미트볼케찹조림,쌀밥/잡곡밥,매운버섯국,고등어구이
누룽지탕/쌀밥,조랭이떡국,아삭고추무침,쌀밥/잡곡밥,콩나물국,닭갈비,쌀밥/잡곡밥,육개장,꽁치오븐구이
녹두죽/쌀밥,감자국,김잔파무침,쌀밥/잡곡밥,도토리묵냉국,짬뽕불고기,해물굴소스볶음밥,미소장국,로제파스타
누룽지탕/쌀밥,새우살미역국,느타리볶음,짜장덮밥,맑은국,고추잡채*꽃빵,쌀밥/잡곡밥,콩가루배추국,돈육장조림
호박죽/쌀밥,연두부국,가지나물,쌀밥/잡곡밥,아욱국,돼지갈비찜,야채볶음밥,김치말이국수,닭오븐구이
김치죽/쌀밥,쇠고기무국,쥐포무침,쌀밥/잡곡밥,차돌된장찌개,주꾸미볶음,쌀밥/잡곡밥,얼갈이국,등뼈김치찜
누룽지탕/쌀밥,두부김치국,오이맛살냉채,쌀밥/잡곡밥,된장찌개,소고기숙주볶음,쌀밥/잡곡밥,북어해장국,양념치킨
팥죽/쌀밥,무채국,고구마줄기볶음,쌀밥/잡곡밥,꽃게탕,언양식불고기,제육김치덮밥,유부장국,까르보나라떡볶이
누룽지탕/쌀밥,동태탕,소시지감자볶음,콩나물밥,올챙이만두국,유린기,쌀밥/잡곡밥,사과오이냉국,오징어볶음*소면
해물죽/쌀밥,근대국,볼어묵볶음,쌀밥/잡곡밥,닭개장,쇠고기장조림,쌀밥/잡곡밥,해물짬뽕국,돈육굴소스볶음
누룽지탕/쌀밥,오징어국,김자반,쌀밥/잡곡밥,시래기국,유자청제육볶음,쌀밥/잡곡밥,콩나물김치국,안동찜닭
흑임자죽/쌀밥,호박새우젓국,연근조림,쌀밥/잡곡밥,소고기미역국,닭강정,유부초밥,냉모밀국수,해물까스*칠리소스
누룽지탕/쌀밥,만두국,두부쑥갓무침,산채비빔밥,미소장국,오징어튀김,쌀밥/잡곡밥,북어해장국,소고기낙지볶음
야채죽/쌀밥,연두부찌개,마늘쫑볶음,쌀밥/잡곡밥,닭곰탕,류산슬,목살필라프,꼬지어묵국,탕수육
잣죽/쌀밥,된장찌개,실곤약흑임자무침,쌀밥/잡곡밥,돈육김치찌개,미니채소떡갈비,쌀밥/잡곡밥,건새우아욱된장국,동파삼겹수육
누룽지탕/쌀밥,감자국,명엽채무침,쌀밥/잡곡밥,꽃게탕,함박스테이크,쌀밥/잡곡밥,매운버섯국,돈육간장볶음
김치죽/쌀밥,어묵국,꽈리고추찜,쌀밥/잡곡밥,고추장찌개,버섯불고기,베이컨김치볶음밥,새우튀김우동,찹쌀순대볶음
누룽지탕/쌀밥,열무된장국,메추리알조림,카레덮밥,맑은국,치킨핑거,*,,
새우살야채죽/쌀밥,황태해장국,오이사과무침,쌀밥/잡곡밥,배추된장국,훈제오리구이,오므라이스,가쯔오장국,소고기퀘사디아
녹두죽/쌀밥,대구매운탕,느타리볶음,쌀밥/잡곡밥,부대찌개,굴비구이,쌀밥/잡곡밥,들깨버섯국,마늘치킨
누룽지탕/쌀밥,조랭이떡미역국,동전쥐포무침,쌀밥/잡곡밥,들깨시락국,돈육김치볶음,쌀밥/잡곡밥,콩나물국,파닭
땅콩죽/쌀밥,두부김치국,김잔파무침,쌀밥/잡곡밥,차돌박이찌개,소고기장조림,빠에야,쌀국수,치킨샐러드
누룽지탕/쌀밥,시래기국,감자채볶음,단호박영양밥,유부장국,새송이너비아니구이,쌀밥/잡곡밥,참치김치찌개,돈육강정
야채죽/쌀밥,오징어국,가지나물,쌀밥/잡곡밥,토란국,매운돼지갈비찜,김밥,김치어묵국,야채튀김
해물죽/쌀밥,맑은만두육개장,영양부추생채,쌀밥/잡곡밥,된장찌개,수제돈까스,쌀밥/잡곡밥,고추장찌개,소고기숙주볶음
누룽지탕/쌀밥,떡국,비트무생채,쌀밥/잡곡밥,김치콩나물국,짬뽕불고기,쌀밥/잡곡밥,황태해장국,닭갈비
잣죽/쌀밥,열무된장국,연근조림,쌀밥/잡곡밥,맑은순두부국,사천식탕수육,김치필라프,크림스프,토마토스파게티
누룽지탕/쌀밥,감자국,얼갈이나물,나물비빔밥,팽이장국,생선까스*칠리소스,쌀밥/잡곡밥,해물된장찌개,고추잡채*꽃빵
누룽지탕/쌀밥,시래기국,두반장가지볶음,쌀밥/잡곡밥,황태국,훈제오리고추장볶음,쌀밥/잡곡밥,참치김치찌개,치즈함박스테이크
새우살죽/쌀밥,순두부국,검정콩조림,쌀밥/잡곡밥,꽃게된장찌개,돈육굴소스볶음,참치덮밥,미소장국,또띠아피자
누룽지탕/쌀밥,차돌박이찌개,우엉조림,쌀밥/잡곡밥,소고기미역국,탄두리치킨,쌀밥/잡곡밥,수제비국,쇠고기숙주볶음
흑임자죽/쌀밥,감자국,멸치볶음,쌀밥/잡곡밥,쇠고기샤브국,주꾸미볶음,쌀밥/잡곡밥,설렁탕,김치전
야채죽/쌀밥,닭개장,도토리묵*장,쌀밥/잡곡밥,열무된장국,대패삼겹*파채,쌀밥/잡곡밥,얼큰소고기무국,안동찜닭
누룽지탕/쌀밥,배추된장국,진미채무침,쌀밥/잡곡밥,근대국,유자청제육볶음,쌀밥/잡곡밥,육개장,고등어구이
고구마죽/쌀밥,대구탕,김구이,쌀밥/잡곡밥,얼갈이된장국,버섯불고기,쌀밥/잡곡밥,무채국,닭볶음탕
누룽지탕/쌀밥,오징어국,시래기조림,곤드레밥*양념장,맑은국,돈육강정,*,,
땅콩죽/쌀밥,들깨미역국,느타리호박볶음,쌀밥/잡곡밥,콩나물김치국,해물누룽지탕,볶음밥/짜장소스,계란국,깐풍기
참치죽/쌀밥,된장찌개,두부쑥갓무침,쌀밥/잡곡밥,어묵국,언양식불고기,쌀밥/잡곡밥,아욱국,돈육간장볶음
누룽지탕/쌀밥,콩나물국,꽈리고추찜,쌀밥/잡곡밥,콩가루배추국,짬뽕불고기,쌀밥/잡곡밥,버섯들깨탕,오징어볶음
누룽지탕/쌀밥,소고기무국,땅콩조림,쌀밥/잡곡밥,돈육김치찌개,닭갈비,쌀밥/잡곡밥,열무된장국,쇠고기장조림
홍게살죽/쌀밥,황태국,쥐포무침,쌀밥/잡곡밥,해물된장찌개,소불고기,쌀밥/잡곡밥,순두부찌개,함박스테이크
누룽지탕/쌀밥,감자국,명엽채무침,쌀밥/잡곡밥,콩비지찌개,돈육굴소스볶음,쌀밥/잡곡밥,닭개장,갈치구이
쇠고기죽/쌀밥,근대국,미역줄기볶음,쌀밥/잡곡밥,동태탕,마늘간장치킨,김치볶음밥,새우튀김우동,고구마치즈구이
크림누룽지탕/쌀밥,호박젓국찌개,김자반,쌀밥/잡곡밥,옹심이만두국,굴비구이,참치주먹밥,잔치국수,쇠고기퀘사디아
닭죽/쌀밥,바지락국,취나물,쌀밥/잡곡밥,아욱국,매운돼지갈비찜,쌀밥/잡곡밥,쇠고기샤브국,탕수어
누룽지탕/쌀밥,얼갈이국,무생채,쌀밥/잡곡밥,북어해장국,제육볶음,쌀밥/잡곡밥,참치김치찌개,주꾸미볶음
야채죽/쌀밥,조랭이떡미역국,멸치볶음,쌀밥/잡곡밥,콩나물국,닭갈비,야채볶음밥,유부주머니국,통새우또띠아
누룽지탕/쌀밥,오징어국,김구이,콩나물밥,가쯔오국,돈육강정,쌀밥/잡곡밥,된장찌개,꽁치구이
팥죽/쌀밥,시래기국,연근땅콩조림,쌀밥/잡곡밥,알탕,해물굴소스볶음,쌀밥,떡만두국,닭매운찜
땅콩죽/쌀밥,김치두부국,도라지나물,쌀밥/잡곡밥,우거지된장국,쇠고기장조림,쌀밥/잡곡밥,부대찌개,후르츠탕수육
누룽지탕/쌀밥,김치콩나물국,김자반,쌀밥/잡곡밥,고추장찌개,훈제오리단호박볶음,쌀밥/잡곡밥,어묵국,언양식불고기
잣죽/쌀밥,소고기무국,두부쑥갓무침,쌀밥/잡곡밥,얼큰순두부찌개,짬뽕불고기,김밥,잔치국수,떡볶이
누룽지탕/쌀밥,무채국,꽈리고추찜,카레라이스,우동국,유린기,쌀밥/잡곡밥,열무된장국,소고기버섯볶음
김치죽/쌀밥,꽃게된장국,동전쥐포무침,쌀밥/잡곡밥,건새우아욱국,등갈비김치말이,해물굴소스볶음밥,맑은국,돈육간장강정
흑임자죽/쌀밥,감자국,열무나물,나물비빔밥,팽이장국,생선까스*칠리소스,쌀밥/잡곡밥,차돌박이찌개,류산슬
누룽지탕/쌀밥,두부김치국,땅콩조림,쌀밥/잡곡밥,소고기미역국,유자청제육볶음,쌀밥/잡곡밥,짬뽕국,가자미카레튀김
홍게살죽/쌀밥,배추된장국,진미채무침,쌀밥/잡곡밥,된장찌개,오징어볶음,오므라이스,미니우동,닭오븐구이
누룽지탕/쌀밥,황태국,문어꽈리초조림,마파두부덮밥,맑은국,치킨핑거,*,,
견과류죽/쌀밥,아욱국,어묵볶음,쌀밥/잡곡밥,매운콩나물국,동파삼겹수육,참치회덮밥,미소장국,또띠아피자
녹두죽/쌀밥,재첩국,시래기조림,쌀밥/옛날돈까스,옥수수스프,딸기드레싱샐러드,쌀밥/잡곡밥,떡국,돈육장조림
누룽지탕/쌀밥,민물새우찌개,미역줄기볶음,쌀밥/잡곡밥,근대국,소고기낙지볶음,쌀밥/잡곡밥,열무된장국,함박스테이크
야채죽/쌀밥,연두부국,가지나물,쌀밥/잡곡밥,고추장찌개,순살파닭,멸치주먹밥,해물수제비,야채튀김
누룽지탕/쌀밥,대구탕,연근조림,김치제육덮밥,가쯔오장국,시금치프리타타,쌀밥/잡곡밥,닭개장,황태양념구이
소고기죽/쌀밥,피바지락국,도토리묵무침,쌀밥/잡곡밥,오징어국,미니채소떡갈비,목살필라프,계란국,로제파스타
참치죽/쌀밥,감자국,명엽채무침,야채볶음밥*짜장소스,미역장국,사천식탕수육,쌀밥/잡곡밥,들깨시래기국,대패삼겹*파채
누룽지탕/쌀밥,미역국,아삭고추무침,쌀밥/잡곡밥,돈육김치찌개,언양식불고기*양파채,쌀밥/잡곡밥,얼갈이국,훈제오리불고기
잣죽/쌀밥,북어해장국,연근조림,쌀밥/잡곡밥,차돌된장찌개,주꾸미볶음,유부초밥,쌀국수,쇠고기퀘사디아
누룽지탕/쌀밥,조랭이떡국,김자반,곤드레밥*양념장,맑은국,돈육강정,쌀밥/잡곡밥,해물순두부찌개,등갈비바베큐조림
해물죽/쌀밥,된장찌개,시래기조림,쌀밥/잡곡밥,콩나물국,해물누룽지탕,쌀밥/잡곡밥,설렁탕,부추전
팥죽/쌀밥,어묵국,무생채,김치볶음밥,나가사끼짬뽕국,치킨텐더샐러드,쌀밥/잡곡밥,부대찌개,소불고기
누룽지탕/쌀밥,배추시래기국,김구이,쌀밥/잡곡밥,김치콩나물국,소고기장조림,쌀밥/잡곡밥,열무된장국,짬뽕불고기
땅콩죽/쌀밥,꽃게된장찌개,감자채볶음,쌀밥/잡곡밥,육개장,탕수어,통새우김밥,우동,찹쌀순대볶음
누룽지탕/쌀밥,홍합탕,무비트생채,콩나물밥*양념장,미소장국,닭강정,쌀밥/잡곡밥,얼갈이된장국,삼겹살구이
야채죽/쌀밥,닭곰탕,볼어묵조림,쌀밥/잡곡밥,된장찌개,류산슬,쌀밥/잡곡밥,뼈감자탕,유린기
김치죽/쌀밥,콩가루된장국,시금치나물,카레덮밥,맑은국,생선까스,쌀밥/잡곡밥,쇠고기샤브국,미트볼조림
누룽지탕/쌀밥,콩나물국,쥐포무침,쌀밥/잡곡밥,고추장찌개,버섯불고기,쌀밥/잡곡밥,미역국,삼겹보쌈
쇠고기죽/쌀밥,감자국,쑥갓두부무침,쌀밥/잡곡밥,김치두부국,누룽지탕수육,닭갈비볶음밥,가쯔오장국,크림카레우동
누룽지탕/쌀밥,무채국,문어꽈리초조림,나물비빔밥,맑은국,감자치즈구이,*,,
호박죽/쌀밥,황태국,미역줄기볶음,쌀밥/잡곡밥,아욱국,닭볶음탕,참치주먹밥,잔치국수,오징어튀김
참치죽/쌀밥,순두부찌개,숙주나물,오므라이스,미소장국,모듬튀김,쌀밥/잡곡밥,소고기무국,굴비구이
누룽지탕/쌀밥,대구탕,느타리호박볶음,쌀밥/잡곡밥,열무된장국,훈제오리구이,쌀밥/잡곡밥,옹심이만두국,오징어볶음
견과류죽/쌀밥,올갱이아욱국,명엽채무침,쌀밥/잡곡밥,홍합탕,마늘간장치킨,짜장면/작은밥,계란국,미니햄버거
누룽지탕/쌀밥,꽃게탕,감자채볶음,김치볶음밥/계란,팽이장국,해물까스*칠리소스,쌀밥/잡곡밥,매운버섯국,돈육강정
소라살죽/쌀밥,어묵국,얼갈이나물,쌀밥/잡곡밥,쇠고기샤브국,닭갈비,꼬마김밥*겨자장,우동,케이준샐러드
닭죽/쌀밥,배추된장국,김자반,쌀밥/잡곡밥,근대국,수제돈가스,쌀밥/잡곡밥,연두부탕,함박스테이크
누룽지탕/쌀밥,된장찌개,사과오이초무침,쌀밥/잡곡밥,들깨시래기국,유자청돈육볶음,쌀밥/잡곡밥,감자국,닭데리야끼조림
녹두죽/쌀밥,콩나물국,연근조림,쌀밥/잡곡밥,매운소고기국,유린기,참치마요덮밥,꼬지어묵탕,해물떡볶이
누룽지탕/쌀밥,두부떡국,느타리버섯볶음,단호박영양밥,유부장국,새송이너비아니구이,쌀밥/잡곡밥,북어계란국,버섯불고기
해물죽/쌀밥,바지락국,소시지볶음,쌀밥/잡곡밥,굴미역국,매운돼지갈비찜,새우볶음밥,맑은국,깐풍육
야채죽/쌀밥,닭곰탕,얼갈이겉절이,쌀밥/잡곡밥,참치김치찌개,안동찜닭,쌀밥/잡곡밥,고추장찌개,미니떡갈비조림
누룽지탕/쌀밥,맑은순두부국,김구이,쌀밥/잡곡밥,열무된장국,훈제오리볶음,쌀밥/잡곡밥,황태국,양념치킨
잣죽/쌀밥,콩나물국,시래기조림,쌀밥/잡곡밥,무채국,소고기숙주볶음,야채주먹밥,잔치국수,복주머니딤섬*장
누룽지탕/쌀밥,차돌박이된장찌개,미역줄기볶음,콩나물밥,미소장국,언양식불고기*양파채,쌀밥/잡곡밥,김치국,돈육간장볶음
참치야채죽/쌀밥,만두국,우엉간장조림,쌀밥/잡곡밥,된장찌개,대패삼겹*파채,쌀밥/잡곡밥,설렁탕,해물전
소고기죽/쌀밥,동태찌개,느타리버섯장조림,쌀밥/잡곡밥,감자양파국,매운닭찜,쌀밥/잡곡밥,부대찌개,오징어볶음*소면
누룽지탕/쌀밥,순두부탕,어묵꽈리고추볶음,쌀밥/잡곡밥,아욱국,돈육김치볶음,쌀밥/잡곡밥,닭개장,주꾸미볶음
새우살죽/쌀밥,꽃게탕,진미채무침,쌀밥/잡곡밥,오징어국,치킨핑거,굴소스볶음밥,토마토스파게티,크림스프
크림누룽지탕/쌀밥,미역국,감자채볶음,쌀밥/잡곡밥,된장찌개,짬뽕불고기,빠에야,쌀국수,새우또띠아
홍게살죽/쌀밥,홍합탕,멸치아몬드볶음,파인애플볶음밥,가쯔오장국,사천식탕수육,쌀밥/잡곡밥,매운버섯국,굴비구이
누룽지탕/쌀밥,콩나물김치국,김자반,쌀밥/잡곡밥,고추장찌개,버섯불고기,쌀밥/잡곡밥,소고기무국,고등어구이
고구마죽/쌀밥,열무된장국,두부쑥갓무침,쌀밥/잡곡밥,배추된장국,닭볶음탕,*,,
누룽지탕/쌀밥,북어계란국,콩나물무침,쌀밥/잡곡밥,떡국,제육볶음,카레라이스,맑은국,생선까스*탈탈소스
단호박죽/쌀밥,대구탕,미역줄기볶음,비빔밥,미소장국,탕수어,쌀밥/잡곡밥,수제비국,돈육장조림
누룽지탕/쌀밥,연두부탕,김구이,쌀밥/잡곡밥,된장찌개,돈육김치볶음,쌀밥/잡곡밥,열무된장국,해물누룽지탕
견과류죽/쌀밥,매생이떡국,숙주나물,쌀밥/잡곡밥,미역국,순살파닭,참치주먹밥,우동,새우까스*칠리소스
누룽지탕/쌀밥,어묵국,감자채볶음,곤드레밥*양념장,맑은국,돈육강정,쌀밥/잡곡밥,소고기무국,주꾸미볶음
소라살죽/쌀밥,북어해장국,두부양념조림,쌀밥/잡곡밥,육개장,가자미튀김,작은밥,옛날돈가스,양송이스프
닭죽/쌀밥,콩비지찌개,연근조림,참치회덮밥,미소장국,또띠아피자,쌀밥/잡곡밥,청국장찌개,소고기장조림
누룽지탕/쌀밥,고추장찌개,김자반,쌀밥/잡곡밥,근대국,훈제오리구이,쌀밥/잡곡밥,돈육김치찌개,소고기숙주볶음
흑임자죽/쌀밥,감자양파국,멸치볶음,쌀밥/잡곡밥,시래기국,함박스테이크*소스,유부초밥,쌀국수,떡볶이
누룽지탕/쌀밥,차돌박이찌개,볼어묵조림,단호박영양밥,연두부탕,오징어숙회무침,쌀밥/잡곡밥,시금치국,돈육고추장볶음
녹두죽/쌀밥,조랭이떡국,우엉조림,쌀밥/잡곡밥,해물된장찌개,묵은지닭찜,쇠고기볶음밥,팽이장국,탕수육
팥죽/쌀밥,무채국,연두부*장,김치필라프,크림스프,토마토스파게티,쌀밥/잡곡밥,짬뽕국,미니떡갈비조림
누룽지탕/쌀밥,오징어국,명엽채무침,쌀밥/잡곡밥,순두부찌개,닭갈비,쌀밥/잡곡밥,만두국,간장불고기
표고버섯죽/쌀밥,동태탕,봄동겉절이,쌀밥/잡곡밥,어묵국,등갈비김치찜,스팸주먹밥,해물칼국수,감자만두
누룽지탕/쌀밥,재첩국,딤섬,불고기비빔밥,미역장국,허니버터치킨,쌀밥/잡곡밥,된장찌개,주꾸미삼겹살볶음
땅콩죽/쌀밥,피바지락배추국,크래미숙주무침,쌀밥/잡곡밥,아욱국,돼지갈비찜,쌀밥/잡곡밥,뼈감자탕,해물파전
누룽지탕/쌀밥,김치두부국,쥐포무침,쌀밥/잡곡밥,황태국,오리고추장볶음,오므라이스,미소장국,깐풍육
고구마죽/쌀밥,꽃게탕,미역줄기볶음,콩나물밥*양념장,가쯔오장국,치킨핑거,자기개발의날,,
누룽지탕/쌀밥,감자국,오징어젓갈무침,쌀밥/잡곡밥,들깨시래기국,닭오븐구이,참치회덮밥,우동,수제고로케
잣죽/쌀밥,대구탕,느타리호박볶음,김치제육덮밥,계란국,오징어튀김,쌀밥/잡곡밥,매운콩나물국,돈육장조림
누룽지탕/쌀밥,시금치국,김구이,쌀밥/잡곡밥,미역국,쇠고기낙지볶음,쌀밥/잡곡밥,시래기국,유린기
양송이죽/쌀밥,된장찌개,진미채무침,쌀밥/잡곡밥,차돌박이찌개,돈육강정,멸치주먹밥,잔치국수,해물까스
누룽지탕/쌀밥,만두국,땅콩조림,단호박영양밥,유부장국,언양식불고기,쌀밥/잡곡밥,닭곰탕,오징어볶음
흑임자죽/쌀밥,호박젓국찌개,마늘쫑볶음,쌀밥/잡곡밥,어묵탕,동파삼겹수육,카레덮밥,맑은국,쫄면야채무침
야채죽/쌀밥,소고기무국,김치도토리묵무침,쌀밥/오곡밥,두부김치국,굴비구이,쌀밥/잡곡밥,콩나물국,제육볶음
누룽지탕/쌀밥,새우살미역국,통아몬드멸치볶음,쌀밥/잡곡밥,매운콩나물국,소고기숙주볶음,쌀밥/잡곡밥,들깨버섯탕,고추잡채&꽃빵
녹두죽/쌀밥,떡국,알감자조림,쌀밥/잡곡밥,냉이된장찌개,레몬탕수육,짜장잡채덮밥,계란파국,참치야채전
누룽지탕/쌀밥,무채국,두부양념조림,곤드레밥*강된장,팽이장국,닭데리야끼조림,쌀밥/잡곡밥,육개장,류산슬
크림누룽지탕/쌀밥,북어맑은국,참나물무침,쌀밥/잡곡밥,동태찌개,돈육간장볶음,쌀밥/잡곡밥,설렁탕,부추전
호박죽/쌀밥,꽃게탕,숙주나물무침,김밥볶음밥,미니짬뽕,크림새우,쌀밥/잡곡밥,김치찌개,수제돈가스&소스
누룽지탕/쌀밥,김치두부국,꽈리고추찜,쌀밥/잡곡밥,쇠고기샤브국,유자청제육볶음,쌀밥/잡곡밥,대구탕,안동찜닭
견과류죽/쌀밥,얼갈이된장국,쥐포무침,쌀밥/잡곡밥,차돌된장찌개,주꾸미볶음,통새우김밥,우동,계란떡볶이
누룽지탕/쌀밥,오징어국,김잔파무침,나물비빔밥,미소장국,사과고구마그라탕,쌀밥/잡곡밥,순두부찌개,해물누룽지탕
새우살죽/쌀밥,감자국,볼어묵볶음,쌀밥/잡곡밥,근대국,간장마늘치킨,파인애플볶음밥,맑은국,새우까스*와사비소스
팥죽/쌀밥,버섯매운탕,땅콩조림,쌀밥/잡곡밥,들깨미역국,짬뽕불고기,쌀밥/잡곡밥,닭개장,고등어구이
누룽지탕/쌀밥,민물새우찌개,명엽채무침,쌀밥/잡곡밥,된장찌개,돈육김치볶음,쌀밥/잡곡밥,소고기무국,가자미카레튀김
잣죽/쌀밥,봄동된장국,시금치초무침,쌀밥/잡곡밥,부대찌개,훈제오리구이,야채볶음밥,김치말이국수,소고기퀘사디아
누룽지탕/쌀밥,홍합탕,감자채볶음,낙지비빔밥,팽이장국,치킨텐더*콘소스D,자기개발의날,,
홍게살죽/쌀밥,연두부탕,가지나물,쌀밥/잡곡밥,북어국,닭갈비,짜장면/작은밥,계란국,사천식탕수육
닭죽/쌀밥,호박젓국찌개,김자반,쌀밥/잡곡밥,아욱국,소고기장조림,쌀밥/잡곡밥,콩나물국,돼지갈비찜
누룽지탕/쌀밥,무채국,연두부*참깨드레싱소스,쌀밥/잡곡밥,두부김치국,소고기버섯볶음,쌀밥/잡곡밥,쑥된장국,삼겹살구이
녹두죽/쌀밥,황태국,꽈리고추멸치볶음,쌀밥/잡곡밥,쇠고기무국,오징어볶음*소면,김치볶음밥,유부장국,로제스파게티
누룽지탕/쌀밥,연두부국,감자조림,콩나물밥*달래장,고추장찌개,갈치구이,쌀밥/잡곡밥,해물된장찌개,미니채소떡갈비
해물죽/쌀밥,맑은만두육개장,숙주나물무침,쌀밥/잡곡밥,미역국,수원왕갈비통닭,유부초밥,칼국수,순대야채볶음
김치죽/쌀밥,어묵국,시래기조림,곤드레밥,건새우아욱국,돈육간장볶음,쌀밥/잡곡밥,나가사키짬뽕국,모듬버섯탕수육
누룽지탕/쌀밥,차돌박이찌개,진미채볶음,쌀밥/잡곡밥,콩나물국,소불고기,쌀밥/잡곡밥,콩가루배추국,동파육
단호박죽/쌀밥,근대된장국,방풍나물무침,쌀밥/잡곡밥,대파육개장*칼국수,가자미엿장조림,유산슬덮밥,계란파국,멘보샤*칠리S
누룽지탕/쌀밥,북어해장국,콩나물무침,카레라이스,미소시루,감자만두*양념,쌀밥/잡곡밥,부대찌개,등갈비오븐구이
흑임자죽/쌀밥,재첩국,볼어묵조림,쌀밥/잡곡밥,순두부찌개,해물돼지갈비찜,버섯영양밥*우렁양념장,물만두국,메추리알치즈떡볶이
참치야채죽/쌀밥,시래기된장국,오이맛살볶음,쌀밥/잡곡밥,설렁탕,동태포전,쌀밥/잡곡밥,청국장찌개,닭불고기
누룽지탕/쌀밥,냉이된장국,땅콩멸치볶음,쌀밥/잡곡밥,어묵국,돈육굴소스볶음,쌀밥/잡곡밥,열무된장국,묵은지닭찜
표고버섯죽/쌀밥,유부김치국,호박나물,쌀밥/잡곡밥,대구탕,차돌박이숙주볶음,쌀밥,해물손수제비,미트볼피망볶음
누룽지탕/쌀밥,근대국,쥐포무침,마파두부덮밥,조갯살무국,레몬유린기,쌀밥/잡곡밥,돈육김치찌개,코다리강정
쇠고기죽/쌀밥,콩나물국,미역줄기볶음,쌀밥/잡곡밥,콩비지찌개,짜장닭볶음,쌀밥,옛날돈까스,팽이장국
야채죽/쌀밥,꽃게탕,가지두반장볶음,쌀밥/잡곡밥,갈비탕,칠리새우,쌀밥/잡곡밥,건새우아욱국,치즈함박스테이크
누룽지탕/쌀밥,감자국,꽈리고추찜,쌀밥/잡곡밥,시래기국,오리양념불고기*쌈무,쌀밥/잡곡밥,닭개장,삼치튀김*데리야끼
잣죽/쌀밥,쑥국,수제어묵볶음,쌀밥/잡곡밥,소고기미역국,해물누룽지탕,오므라이스,가쯔오장국,돈육고구마강정
누룽지탕/쌀밥,피홍합탕,감자조림,쌀밥/잡곡밥,유부주머니국,목살스테이크,찹쌀밥,장각닭죽,생야채*쌈짱
새송이죽/쌀밥,버섯매운탕,김구이,쌀밥/잡곡밥,배추된장국,제육볶음,멸치주먹밥,우동,해물까스*와사비소스
팥죽/쌀밥,북어계란국,느타리호박볶음,봄나물비빔밥,맑은국,치킨너겟,쌀밥/잡곡밥,시금치국,언양식불고기
누룽지탕/쌀밥,김치어묵국,명엽채고추장볶음,쌀밥/잡곡밥,우렁된장찌개,주꾸미볶음,쌀밥/잡곡밥,무채국,더덕고추장불고기
녹두죽/쌀밥,콩나물국,해초무침,쌀밥/잡곡밥,고추장찌개,안동찜닭,충무김밥,메밀국수,오징어어묵무침
누룽지탕/쌀밥,조랭이떡국,김자반,쌀밥/잡곡밥,들깨시래기국,삼겹살수육&풋고추,쌀밥/잡곡밥,쇠고기샤브국,통마늘너비아니조림
브로컬리죽/쌀밥,바지락국,비엔나소세지볶음,쌀밥/잡곡밥,경상도식소고기국,등갈비김치찜,마늘베이컨볶음밥,크림스프,비프스파게티
낙지죽/쌀밥,동태탕,애호박나물,쌀밥/잡곡밥,순대국밥,고추튀김,쌀밥/잡곡밥,참치김치찌개,소고기메추리알장조림
누룽지탕/쌀밥,북어국,단배추나물,쌀밥/잡곡밥,미역국,오리불고기,쌀밥/잡곡밥,배추된장국,칠리미트볼조림
땅콩죽/쌀밥,소고기국,물파래무침,쌀밥/잡곡밥,꽃게된장국,후르츠탕수육,참치마요덮밥,어묵국,고구마떡볶이
누룽지탕/쌀밥,오징어국,어묵토마토조림,낙지비빔밥,계란국,닭강정,쌀밥/잡곡밥,부대찌개&쫄면사리,꽁치한마리구이
김치죽/쌀밥,차돌박이찌개,느타리팽이볶음,쌀밥/잡곡밥,두부김치국,소고기브로컬리볶음,스팸볶음밥,가쓰오장국,삼겹살야채비빔면
흑임자죽/쌀밥,새알만두국,연근조림,고기듬뿍카레라이스,미니우동,고구마고로케,쌀밥/잡곡밥,된장찌개,매운돼지갈비찜
누룽지탕/쌀밥,감자국,마늘쫑건새우볶음,쌀밥/잡곡밥,아욱국,치즈닭갈비,쌀밥/잡곡밥,순두부찌개,돈육두릅장조림
고구마죽/쌀밥,조갯살근대국,비엔나야채볶음,쌀밥/잡곡밥,홍초콩나물국,LA갈비구이,작은밥,백종원의,고추짜장
누룽지탕/쌀밥,조랭이떡미역국,아귀채무침,쌀밥/잡곡밥,전복장각삼계탕,육전,불고기필라프,미소장국,닭봉오븐구이
홍게살죽/쌀밥,순두부백탕*간장,콩나물무침,쌀밥/잡곡밥,소고기당면국,바질페스토스파게티,쌀밥/잡곡밥,뼈없는감자탕,달래새우전
누룽지탕/쌀밥,어묵국,진미채무침,쌀밥/잡곡밥,황태국,우엉불고기,쌀밥/잡곡밥,돈육김치찌개,고등어카레구이
호박죽/쌀밥,아욱된장국,깻잎순나물볶음,쌀밥/잡곡밥,멸치국수,오향장육,쌀밥/잡곡밥,두부미소된장국,오리훈제마늘볶음
누룽지탕/쌀밥,떡국,두부구이*양념,쌀밥/잡곡밥,나주곰탕,춘천닭갈비,쌀밥/잡곡밥,굴미역국,오삼불고기
해물죽/쌀밥,황태두부국,유채된장무침,쌀밥/잡곡밥,새우완자탕,고구마치즈돈까스,쌀밥/잡곡밥,조갯살아욱국,함박스테이크
콩죽/쌀밥,매운콩나물국,섭산적구이,쌀밥/잡곡밥,대구지리탕,카레닭볶음,쌀밥/잡곡밥,나가사끼짬뽕국*라면,순대야채볶음
누룽지탕/쌀밥,참치김치찌개,쑥갓두부무침,쌀밥/잡곡밥,육개장,수원왕갈비,쌀밥/잡곡밥,감자만두국,꽃삼겹김치찜
흑임자죽/쌀밥,건새우아욱국,매운감자조림,건강비빔밥*약고추장,제첩두부국,깻잎전,쌀밥,황태미역국,매운돈갈비찜
누룽지탕/쌀밥,콩가루배춧국,콩나물간장조림,새우날치알볶음밥,쌀국수(숙주들어감),장어구이*소스,쌀밥/잡곡밥,홍합무우국,로제찜닭*마늘빵
누룽지탕/쌀밥,소고기무우국,방울양배추베이컨볶음,쌀밥/잡곡밥,버섯들깨국,삼겹살더덕고추장구이,쌀밥/잡곡밥,다슬기아욱국,갈릭파닭
녹두죽/쌀밥,호박새우젓국,브로콜리감자볶음,쌀밥/잡곡밥,왕갈비탕,해물전,땡초주먹밥,근대두부된장국,치킨텐더
누룽지탕/쌀밥,홍합살미역국,미나리숙주무침,쌀밥/잡곡밥,냉메밀소바,히레카츠*소스,쌀밥/잡곡밥,우삼겹부대찌개,조기구이
새알팥죽/쌀밥,오징어콩나물국,고사리들깨나물,쌀밥/잡곡밥,아욱수제비국,해물섞어찜,김치볶음밥,유부된장국,새우로제파스타
누룽지탕/쌀밥,조랭이떡국,죽순버섯볶음,쌀밥/잡곡밥,돈육김치찌개,냉족발야채무침,부채살오므라이스,가쓰오장국,닭윙강정튀김
단호박죽/쌀밥,시금치된장국,들기름무채볶음,쌀밥/잡곡밥,열무물국수,소갈비찜,쌀밥/잡곡밥,전주식콩나물국,*도시락김
새우야채죽/쌀밥,건새우무채국,두부계란전*양념장,쌀밥/잡곡밥,닭개장,떡갈비,쌀밥/잡곡밥,얼큰동태탕,물만두탕수*소스
누룽지탕/쌀밥,맑은조개탕,시금치두부무침,소고기콩나물밥*양념,들깨미역국,바싹불고기*양파초절임,쌀밥/잡곡밥,삼선짬뽕국*칼국수,춘장돈육볶음
소고기죽/쌀밥,감자양파국,치커리오이무침,쌀밥/잡곡밥,유부주머니된장국,생선까스*타르,쌀밥/잡곡밥,계란파국,매운등뼈조림
누룽지탕/쌀밥,떡국,건파래무침,쌀밥/잡곡밥,연두부탕,제육볶음,쌀밥/잡곡밥,아욱국,깐풍기
쇠고기죽/쌀밥,새우완자국,아삭고추무침,쌀밥/잡곡밥,들깨수제비,닭볶음탕,계란김밥,모듬어묵탕,고구마맛탕
녹두죽/쌀밥,옹심이만두국,취나물된장무침,닭살카레라이스,미역미소시루,후르츠탕수육,쌀밥/잡곡밥,매운버섯국,고등어구이
누룽지탕/쌀밥,오징어무국,쥐포무침,쌀밥/잡곡밥,차돌된장찌개,주꾸미볶음,야채볶음밥,김치우동,또띠아피자
닭죽/쌀밥,꽃게탕,건새우마늘쫑볶음,소불고기덮밥,맑은국,야채비빔만두,쌀밥/잡곡밥,된장찌개,고구마까스*소스
누룽지탕/쌀밥,북어해장국,열무나물,쌀밥/잡곡밥,매콤콩나물국,짬뽕불고기,쌀밥/잡곡밥,소고기된장찌개,해물누룽지탕
야채죽/쌀밥,맑은꽃게탕,느타리버섯볶음,쌀밥/잡곡밥,시래기국,고추잡채*꽃빵,김밥볶음밥,미소장국,로제파스타
참치죽/쌀밥,두부김치국,감자조림,곤드레밥*양념장,무채국,꽁치한마리구이,쌀밥/잡곡밥,도토리묵냉국,돼지갈비찜
누룽지탕/쌀밥,올챙이만두국,무생채,쌀밥/잡곡밥,콩비지찌개,오징어볶음,쌀밥/잡곡밥,돼지국밥,고추튀김
해물죽/쌀밥,동태탕,칠리소스두부브로컬리볶음,마파두부덮밥,유부장국,레몬유린기,쌀밥/잡곡밥,해물순두부국,닭가슴살겨자무침
누룽지탕/쌀밥,피바지락국,진미채볶음,쌀밥/잡곡밥,소고기미역국,닭갈비,쌀밥/잡곡밥,청국장찌개,소고기불고기
소고기죽/쌀밥,수제비국,김구이,쌀밥/잡곡밥,된장찌개,돈육고추장볶음,유부초밥,새우튀김우동,과일샐러드
팥죽/쌀밥,시래기국,쑥갓겉절이,열무보리비빔밥/강된장,가쯔오장국,깐풍육,쌀밥/잡곡밥,닭곰탕,류산슬
누룽지탕/쌀밥,어묵국,오이사과무침,쌀밥/잡곡밥,육개장,소고기장조림,쌀밥/잡곡밥,감자국,미트볼조림
김치죽/쌀밥,고추장찌개,치커리유자무침,베이컨김치볶음밥,냉모밀국수,해물부추전,쌀밥/잡곡밥,오징어국,매운닭찜
누룽지탕/쌀밥,북어국,호박채나물,쌀밥/잡곡밥,대구탕,오삼불고기,쌀밥/잡곡밥,김치두부국,갈치튀김
버섯들깨죽/쌀밥,차돌박이찌개,계란찜,쌀밥/잡곡밥,시금치된장국,닭볶음탕,삼겹살마늘볶음밥,콩나물국,미니돈까스
누룽지탕/쌀밥,소고기샤브국,햄야채볶음,나물비빔밥,오이사과냉국,치킨핑거,쌀밥/잡곡밥,근대국,돈육간장볶음
호박죽/쌀밥,된장찌개,골뱅이무침,쌀밥/잡곡밥,매운소고기국,굴비구이,야채볶음밥,초계국수,코코넛새우튀김
해물죽/쌀밥,순두부탕,노각무침,돈육버섯고추장덮밥,팽이무국,양파링카레튀김,쌀밥/잡곡밥,부대찌개,떡갈비조림
녹두죽/쌀밥,건새우무채국,쑥갓두부무침,쌀밥/잡곡밥,냉모밀국수,매운돈갈비찜,쌀밥/잡곡밥,돈육김치찌개,깐풍기
누룽지탕/쌀밥,참치김치찌개,느타리버섯장조림,쌀밥/잡곡밥,대파육개장,홍어미나리초무침,김밥,미니우동,구슬떡볶이
콩죽/쌀밥,북어무우국,베이컨숙주굴소스볶음,카레라이스,동태알탕,부추고추전*간장,쌀밥/잡곡밥,김치어묵국,케이준샐러드
누룽지탕/쌀밥,꽃게탕,메추리알곤약조림,쌀밥/잡곡밥,매운소고기무국,춘천닭갈비,쌀밥/잡곡밥,스팸김치찌개,동태포전
콘스프/쌀밥,닭살해장국,가지두반장볶음,쌀밥/잡곡밥,물만두국,오리불고기,오므라이스,유부장국,깐쇼새우
쇠고기마늘죽/쌀밥,순두부찌개,고기완자전*케찹,쌀밥/잡곡밥,한방설렁탕,오징어초무침,쌀밥/잡곡밥,대구지리,바베큐함박찹스테이크
누룽지탕/쌀밥,맑은감자국,삼겹살김치볶음,쌀밥/잡곡밥,시금치된장국,닭볶음탕,후리가케덮밥,잔치국수,채소튀김*장
채소죽/쌀밥,맑은버섯육개장,상추+양념장,쌀밥/잡곡밥,맑은콩나물국,돈육고추장볶음,쌀밥/잡곡밥,된장찌개,아귀콩나물찜
누룽지탕/쌀밥,맑은콩나물국,양상추샐러드,마파두부덮밥,미역미소시루,레몬유린기,쌀밥/잡곡밥,뼈감자탕,쌈추전*간장
표고버섯죽/쌀밥,피바지락국,양상추샐러드,쌀밥/잡곡밥,건새우무채국,쭈꾸미삼겹고추장볶음,쌀밥/잡곡밥,김치콩나물국,닭카레볶음
소고기스프/쌀밥,미역국,양상추샐러드,비빔밥*약고추장,콩가루배춧국,열기어구이,쌀밥/잡곡밥,유부주머니된장국,돈육간장볶음
새알팥죽/쌀밥,두부새우젓국,양상추샐러드,쌀밥/잡곡밥,장각삼계탕,해물잡채,쌀밥/잡곡밥,매운계란파국,오리훈제마늘볶음
누룽지탕/쌀밥,떡국,양상추샐러드,쌀밥/잡곡밥,김치우동,수제돈가스*소스,쌀밥/잡곡밥,들깨시래기국,묵은지닭찜
누룽지탕/흑미밥,냉이된장국,버섯비엔나조림,쌀밥/흑미밥/찰현미밥,호박맑은국,돈육김치볶음,채소볶음밥&자장소스,고기짬뽕국,해물누룽지
홍합죽/흑미밥,황태국,미나리나물,쌀밥/치자밥/찰현미밥,닭개장,양장피,흑미밥,부대찌개,생선까스*타르타르소스
양송이스프/흑미밥,소고기무국,연근땅콩조림,쌀밥/흑미밥/찰현미밥,아욱국,오리불고기,유부초밥,우동국물,열무비빔국수
참치채소죽/흑미밥,어묵매운국,숙주나물무침,쌀밥/병아리콩밥/찰현미밥,소고기미역국,깻잎통닭*치킨소스,흑미밥,나박물김치,매운사태찜
누룽지탕/흑미밥,고추장찌개,시래기조림,쌀밥/흑미밥/찰현미밥,해물수제비국,만가닥버섯불고기,흑미밥,만둣국,갈치무조림
누룽지탕/흑미밥,김치콩나물국,베이컨감자볶음,쌀밥/흑미밥/찰현미밥,황태미역국,안동찜닭,흑미밥,청국장찌개,섭산적고추장구이
버섯죽/흑미밥,유부장국,어묵고추장볶음,쌀밥/기장밥/찰현미밥,호박된장찌개,목살스테이크,우육비빔냉면,추가밥,사골파국
견과류죽/흑미밥,감자양파국,두부고기조림,쌀밥/흑미밥/찰현미밥,우거지국,삼겹살수육,흑미밥,참치파개장,오징어불고기
게살죽/흑미밥,대구매운탕,오이무침,낙지비빔밥*계란후라이,팽이장국,후라이드*강정소스,타워함박스테이크,크림스프/추가밥,알리오올리오파스타
누룽지탕/흑미밥,버섯맑은국,명엽채고추장볶음,쌀밥/흑미밥/찰현미밥,짜글이돼지찌개,새우까스*소스,흑미밥,짬뽕순두부찌개,꽁치양파조림
누룽지탕/흑미밥,우거지해장국,해물완자전*케찹,쌀밥/흑미밥/찰현미밥,김치두부국,오리대패불고기,흑미밥,꽃게탕,춘천닭갈비
소고기죽/흑미밥,오색떡국,어묵고추장무침,쌀밥/수수밥/찰현미밥,냉이된장국,돈갈비찜,흑미밥,계란파국,고구마치즈돈까스
녹두죽/흑미밥,근대국,버섯햄볶음,쌀밥/흑미밥/찰현미밥,맑은콩나물국,장어강정,오리훈제볶음밥,미소장국,샤워크림새우
단호박죽/흑미밥,북엇국,돈육장조림,쌀밥/검정콩밥/찰현미밥,건새우아욱국,쭈삼불고기,흑미밥,감자만두국,등심찹쌀꿔바로우
누룽지탕/흑미밥,순두부백탕,양념깻잎찜,쌀밥/흑미밥/찰현미밥,얼갈이된장국,닭다리바베큐오븐구이,폭탄주먹밥,꼬치어묵국,매운떡볶이
누룽지탕/흑미밥,매운콩나물국,멸치볶음,쌀밥/흑미밥/찰현미밥,뼈없는감자탕,생선까스&소스,카레라이스,우동국물,비빔채소만두
채소죽/흑미밥,시금치된장국,애호박건새우볶음,쌀밥/렌틸콩밥/찰현미밥,떡국,매운쇠고기버섯볶음,흑미밥,아욱국,묵은지닭볶음탕
잣죽/흑미밥,닭살해장국,가지양파무침,쌀밥/흑미밥/찰현미밥,북어채국,오징어볶음&소면사리,흑미밥,두부된장찌개,돈육고추장불고기
미역죽/흑미밥,옹심이만둣국,고들빼기무침,쌀밥/차조밥/찰현미밥,유부장국,바베큐폭립,흑미밥,소고기무국,삼치엿장구이
누룽지탕/흑미밥,순두부된장국,참치김치볶음,쌀밥/흑미밥/찰현미밥,동태탕,살살치킨&칠리소스,계란볶음밥,숙주고기짬뽕,고추잡채
흑임자죽/흑미밥,호박맑은국,통마늘너비아니조림,쌀밥/보리밥/찰현미밥,부대찌개,치즈닭갈비,쇠고기규동덮밥,미소장국,숯불양념꼬치어묵
낙지죽/흑미밥,우거지올갱이국,메추리알곤약조림,쌀밥/흑미밥/찰현미밥,맑은버섯육개장,매콤해물볶음,청양멸치주먹밥,유부우동국물,비빔칼국수
채소죽/흑미밥,북엇국,고기완자전*케찹,쌀밥/흑미밥/찰현미밥,순남시래기국,오리불고기,흑미밥,오징어무국,치킨까스*소스
누룽지탕/흑미밥,감자양파국,고사리들깨볶음,쌀밥/흑미밥/찰현미밥,어묵국,오향장육,흑미밥,김치수제비국,갈치조림
누룽지탕/흑미밥,김치두부국,진미채간장조림,쌀밥/흑미밥/찰현미밥,바지락미역국,콩나물두루치기,산채비빔밥,팽이장국,주꾸미볶음
단호박죽/흑미밥,대구탕,마늘쫑햄볶음,쌀밥/수수밥/찰현미밥,시금치된장국,카레닭찜,흑미밥,감자고추장찌개,언양식바싹불고기
녹두죽/흑미밥,근대국,새우완자전*케찹,쌀밥/흑미밥/찰현미밥,나주곰탕,적어구이&양념장,흑미밥,냉메밀소바,돈육가지두반장볶음
오곡죽/흑미밥,콩나물국,애호박볶음,쌀밥/검정콩밥/찰현미밥,다슬기아욱국,돈사태김치찜,흑미밥,잡채말이어묵국,오리훈제마늘볶음
누룽지탕/흑미밥,버섯국,두부고기조림,쌀밥/흑미밥/찰현미밥,순두부찌개,소불고기,흑미밥,콩가루배추국,아쿠아돈까스
누룽지탕/흑미밥,매운소고기국,건파래볶음,쌀밥/흑미밥/찰현미밥,황태콩나물해장국,시금치프리타타,흑미밥,김치두부국,제육간장불고기
콩죽/흑미밥,꽃게탕,양념깻잎지,쌀밥/기장밥/찰현미밥,우거지국,매콤돼지갈비찜,흑미밥,육개장,가자미엿장구이
누룽지탕/흑미밥,참치김치찌개,우엉채조림,쌀밥/흑미밥/찰현미밥,냉족발야채무침,부추샐러드*오리엔탈,흑미밥,미역국,닭볶음탕
잣죽/흑미밥,떡국,베이컨숙주볶음,쌀밥/찰보리밥/찰현미밥,매운계란파국,마파두부,흑미밥,유부주머니우동국,새우까스*소스
채소죽/흑미밥,감자된장찌개,계란장조림,쌀밥/흑미밥/찰현미밥,옹심이만두국,대패삽겹숙주볶음,흑미밥,부대찌개,꽁치한마리구이
누룽지탕/흑미밥,콩나물해장국,모둠장조림,쌀밥/흑미밥/찰현미밥,아욱된장국,생선까스*소스,흑미밥,얼큰감자국,안동찜닭
흑미두부죽/흑미밥,사골우거지국,고구마순볶음,계란채소볶음밥,짬뽕국,짜장소스,흑미밥,열무된장국,우불고기
누룽지탕/흑미밥,호박된장국,느타리버섯볶음,쌀밥/흑미밥/찰현미밥,홍합살미역국,수육*새우젓*쌈장,흑미밥,동태매운탕,궁중떡볶이
고구마죽/흑미밥,순두부백탕,꽁치김치조림,쌀밥/수수밥/찰현미밥,돈육김치찌개,수완왕갈비맛통닭,충무김밥,우동장국,오징어무침
미역죽/흑미밥,근대국,몽골식돈육볶음,쌀밥/흑미밥/찰현미밥,잔치국수,순대채소볶음,흑미밥,소고기무국,삼치구이
누룽지탕/흑미밥,황태해장국,감자채피망볶음,쌀밥/흑미밥/찰현미밥,배추국,오리고추장불고기,흑미밥,미역국,오징어채소볶음
소고기죽/흑미밥,두부김칫국,새송이조림,쌀밥/귀리밥/찰현미밥,순두부찌개,류산슬,흑미밥,얼갈이된장국,닭간장볶음
누룽지탕/흑미밥,우거지국,콩나물무침,쌀밥/흑미밥/찰현미밥,유부장국,목살찹스테이크,흑미밥,매운닭개장,소고기계란장조림
흑임자죽/흑미밥,고추장찌개,야채소시지전*케찹,쌀밥/흑미밥/찰현미밥,감자수제비국,쇠고기낙지볶음,흑미밥,스팸김치찌개,수제돈까스
게살죽/흑미밥,매운어묵국,깻잎순볶음,쌀밥/병아리콩/찰현미밥,버섯국,비엔나떡조림,흑미밥,콩비지찌개,갈치카레구이
누룽지탕/흑미밥,호박된장국,연두부샐러드,쌀밥/흑미밥/찰현미밥,옹심이만둣국,춘천닭갈비,흑미밥,소고기무국,스팸계란말이
얼큰낙지죽/흑미밥,냉이국,가자미양념찜,쌀밥/수수밥/찰현미밥,매운콩나물국,돈갈비찜,흑미밥,된장찌개,우불고기
누룽지탕/흑미밥,김칫국,취나물볶음,쌀밥/흑미밥/찰현미밥,갈비탕,오향장육,채소라면,김밥,가래떡오븐구이
고구마죽/흑미밥,열무된장국,가지쇠고기볶음,쌀밥/찰보리밥/찰현미밥,북엇국,콩나물파채불고기,흑미밥,홍합탕,건도토리묵파프리카볶음
버섯죽/흑미밥,사골파국,오이생채,쌀밥/흑미밥/찰현미밥,동태탕,닭다리살스테이크,흑미밥,근대국,고등어김치찜
누룽지탕/흑미밥,유부김칫국,베이컨숙주볶음,쌀밥/흑미밥/찰현미밥,떡만두국,오리대패불고기,흑미밥,우거지된장국,닭볶음탕
누룽지탕/흑미밥,북엇국,메추리알곤약조림,쌀밥/흑미밥/찰현미밥,건새우미역국,매운소불고기,흑미밥,된장찌개,고구마치즈구이
홍합죽/흑미밥,아욱국,비엔나브로콜리볶음,단호박카레라이스,통계란꼬치어묵탕,두부강정,흑미밥,콩나물국,돈육김치볶음
오곡죽/흑미밥,바지락살국,토란탕,쌀밥/흑미밥/찰현미밥,꽃게탕,바베큐장각오븐구이,흑미밥,매운순대국밥,고추튀김*장
누룽지탕/흑미밥,순두부백탕,고기완자전*케찹,쌀밥/렌틸콩밥/찰현미밥,우거지된장국,닭살겨자냉채,흑미밥,쇠고기무국,시래기삼치조림
누룽지탕/흑미밥,매운버섯국,취나물볶음,쌀밥/흑미밥/찰현미밥,김칫국,훈제오리볶음,흑미밥,유부주머니된장국,돈사태떡찜
잣죽/흑미밥,맑은감자국,연근땅콩조림,쌀밥/수수밥/찰현미밥,순남시래기국,장어고추장양념구이,흑미밥,배추된장국,닭간장조림
바지락죽/흑미밥,참치김치찌개,스팸구이,쌀밥/흑미밥/찰현미밥,두부된장찌개,츄러스채소맛탕,흑미밥,어묵매운탕,등심돈까스
누룽지탕/흑미밥,들깨무채국,감자맛살볶음,쌀밥/흑미밥/찰현미밥,홍합살무국,돈갈비양념구이,미역국,대패삼겹숙주볶음,연두부계란찜
낙지죽/흑미밥,콩나물국,생깻잎지,쌀밥/흑미밥/찰현미밥,매운쇠고기국,갈릭순살치킨,흑미밥,짬뽕국,해물볶음우동
누룽지탕/흑미밥,순두부계란국,시금치나물,쌀밥/흑미밥/찰현미밥,얼갈이된장국,쭈꾸미삼겹살볶음,흑미밥,닭개장,삼치구이*데리야끼소스
게살죽/흑미밥,냉이바지락국,모둠장조림,쌀밥/찰보리밥/찰현미밥,유부김칫국,치킨까스&소스,우거지국,김말이강정,김치전
누룽지탕/흑미밥,근대국,파래김*양념장,쌀밥/흑미밥/찰현미밥,미역미소시루국,차돌비빔국수,흑미밥,고추장찌개,소불고기
고구마죽/흑미밥,대구지리탕,시래기지짐,쌀밥/,곤드레밥/찰현미밥,된장찌개,흑미밥,부대찌개,샤워크림새우
흑임자죽/흑미밥,어묵국,가지양파나물,쌀밥/흑미밥/찰현미밥,북엇국,춘천닭갈비,흑미밥,아욱국,고르곤졸라피자
누룽지탕/흑미밥,황태해장국,애호박새우젓볶음,쌀밥/흑미밥/찰현미밥,맑은콩나물국,묵은지닭볶음탕,흑미밥,순두부찌개,제육춘장볶음
단호박죽/흑미밥,시금치국,고사리들깨볶음,쌀밥/기장밥/찰현미밥,쇠고기미역국,오삼불고기,애플카레라이스,우동국물,숯불양념꼬치어묵
누룽지탕/흑미밥,바지락무국,참치채소볶음,쌀밥/흑미밥/찰현미밥,삼계탕,고기완자전,흑미밥,사골옹심이만둣국,스태프핫도그
버섯굴죽/흑미밥,된장찌개,비엔나채소볶음,쌀밥/차조밥/찰현미밥,깐풍기,감자채볶음,김주먹밥,잔치국수,쇠고기육전
녹두죽/흑미밥,김칫국,양념깻잎지찜,쌀밥/흑미밥/찰현미밥,건새우아욱국,쇠고기숙주볶음,흑미밥,컵라면&찐계란,순대채소볶음
누룽지탕/흑미밥,꽃게탕,느타리버섯볶음,쌀밥/흑미밥/찰현미밥,돼지김치찌개,당면채소무침,흑미밥,열무된장국,주꾸미채소볶음
잣죽/흑미밥,소고기무국,연근땅콩조림,쌀밥/수수밥/찰현미밥,동태매운탕,대패삼겹살볶음,유부초밥/쌀밥,온모밀국수,돈까스김치나베
누룽지탕/흑미밥,오징어무국,섭산적채소조림,전주비빔밥,바지락냉이국,찰떡떡갈비조림,흑미밥,콩나물국,순살닭강정
팥죽/흑미밥,배추국,돈육마늘장조림,쌀밥/완두콩밥/찰현미밥,홍합국,쇠고기낙지볶음,흑미밥,고기짬뽕국,자반고등어찜
채소죽/흑미밥,호박새우젓국,해물동그랑땡전,쌀밥/흑미밥/찰현미밥,근대된장국,수제탕수육,오뗄햄김밥,김치어묵탕,백종원의사라다빵
누룽지탕/흑미밥,냉이국,시금치나물무침,쌀밥/흑미밥/찰현미밥,아욱된장국,매운족발볶음,흑미밥,닭개장,삼치데리야끼구이
흑임자죽/흑미밥,대구지리탕,브로콜리맛살볶음,쌀밥/귀리밥/찰현미밥,미역국,동파육,채소볶음밥,유부장국,자장소스
누룽지탕/흑미밥,떡국,참치김치볶음,쌀밥/흑미밥/찰현미밥,한방설렁탕,골뱅이채소무침,흑미밥,김칫국,간장마늘치킨
채소죽/흑미밥,우거지국,스팸구이,쌀밥/수수밥/찰현미밥,북엇국,해물돼지갈비찜,흑미밥,꽃게탕,우불고기볶음
오곡죽/흑미밥,바지락무국,버섯볶음,쌀밥/흑미밥/찰현미밥,시금치된장국,안동찜닭,흑미밥,계란파국,퀘사디아
누룽지탕/흑미밥,전주식콩나물국해장국,양념김,쌀밥/흑미밥/찰현미밥,호박된장찌개,오리주물럭,흑미밥,옹심이만둣국,꽁채캔김치조림
바지락죽/흑미밥,사골우거지국,쑥갓나물,쌀밥/찰보리밥/찰현미밥,미소장국,알리오올리오파스타,흑미밥,버섯육개장,몽골식돈육볶음&꽃빵
단호박크림스프/흑미밥,냉이국,호박숙,쌀밥/흑미밥/찰현미밥,순두부찌개,New)요거닭,흑미밥,매운순대국,오징어굴소스볶음
누룽지/흑미밥,맑은감자국,옛날소시지전*케찹,쌀밥/검정콩밥/찰현미밥,얼갈이된장국,쇠고기당면볶음,꼬치어묵매운탕,떡갈비주먹밥/추가밥,채소볶음우동
참치채소죽/흑미밥,닭살해장국,더덕무침,쌀밥/흑미밥/찰현미밥,황태채국,제육고추장불고기,흑미밥,부대찌개,생선까스*타르타르소스
누룽지탕/흑미밥,배추된장국,감자햄볶음,쌀밥/흑미밥/찰현미밥,어묵매운탕,등심돈까스,흑미밥,쇠고기미역국,방어양념장구이
게살채소죽/흑미밥,고추장찌개,토란탕,쌀밥/차조밥/찰현미밥,불낙찌개,코다리강정,흑미밥,청양콩나물국,목살스테이크
녹두죽/흑미밥,아귀지리탕,돈사태찜,쌀밥/흑미밥/찰현미밥,콩비지김치찌개,해물누룽지탕,＜자기,계발의,날＞
누룽지/흑미밥,순두부백탕,건새우무조림,쌀밥/강낭콩밥/찰현미밥,조갯살아욱국,돼지간장불고기,흑미밥,우동국물,치즈닭갈비/계란후라이
콩죽/흑미밥,매생이굴국,베이컨숙주볶음,쌀밥/흑미밥/찰현미밥,팽이된장국,오징어볶음,추가밥,황태국수,돈수육*쌈장
누룽지탕/흑미밥,꽃게탕,호박채볶음,쌀밥/흑미밥/찰현미밥,굴미역국,닭간장조림,흑미밥,동태탕,감자채파프리카볶음
고구마죽/흑미밥,버섯맑은국,연근땅콩조림,쌀밥/찰보리밥/찰현미밥,김치두부국,LA갈비구이,마파두부,홍합짬뽕국,샤워크림새우
잣죽/흑미밥,황태채국,봄동나물,쌀밥/잡곡밥,팽이장국,메밀전병,흑미밥,계란파국,묵은지삼겹살찜
누룽지/흑미밥,사골파국,오이생채,쌀밥/팥밥/찰현미밥,된장찌개,오향장육,흑미밥,맑은콩나물국,이색묵(올방개/클로렐라)*양념장
새알팥죽/흑미밥,시금치고추장국,야채소시지전,쌀밥/흑미밥/찰현미밥,육개장,갈치감자조림,흑미밥,얼갈이된장국,낙지볶음*소면
누룽지탕/흑미밥,아욱국,참치채소볶음,쌀밥/흑미밥/찰현미밥,유부주머니국,삼겹살김치볶음,흑미밥,옹심이감자국,치킨까스*데미소스
홍합죽/흑미밥,순두부찌개,재래김*양념장,쌀밥/기장밥/찰현미밥,우거지국,훈제오리마늘볶음,김치볶음밥,미소된장국,수제등심찹쌀꿔바로우
오곡죽/흑미밥,대구지리,새우완자전*케찹,쌀밥/흑미밥/찰현미밥,호박고추장찌개,만가닥버섯불고기,흑미밥,부대찌개,해물볶음
누룽지/흑미밥,냉이바지락국,양념깻잎지,쌀밥/수수밥/찰현미밥,북엇국,제육고추장불고기,미트볼파스타*추가밥,유부장국,딤섬
소고기채소죽/흑미밥,콩나물해장국,몽골식돈육볶음,쌀밥/흑미밥/찰현미밥,근대국,닭다리살스테이크,흑미밥,컵라면&찐계란,수제오징어튀김
누룽지탕/흑미밥,유부김칫국,브로콜리맛살볶음,쌀밥/흑미밥/찰현미밥,쫄면채소무침,풋고추양파쌈장무침,흑미밥,꼬치어묵매운탕,쇠고기청경채볶음
버섯죽/흑미밥,호박새우젓국,섭산적조림,쌀밥/차조밥/찰현미밥,굴떡국,콩나물파채불고기,고추잡채덮밥,손수제비국,자장소스
단호박죽/흑미밥,황태해장국,매콤사태찜,쌀밥/흑미밥/찰현미밥,해물완자전,가자미무조림,흑미밥,쇠고기무국,오징어떡볶음
누룽지/흑미밥,꽃게된장국,두부양념찜,쌀밥/흑미밥/찰현미밥,문어꽈리고추조림,세발나물무침,흑미밥,순두부백탕*양념장,제육간장불고기
미역소고기죽/흑미밥,들깨무채국,어묵고추장볶음,쌀밥/흑미밥/찰현미밥,동태알탕,수제돈까스&소스,흑미밥,맑은버섯닭개장,참치김치볶음
누룽지탕/흑미밥,콩나물김칫국,고기완자전&케찹,쌀밥/흑미밥/찰현미밥,바지락살무국,오삼불고기,팽이장국,계란후라이,도라지초무침
녹두죽/흑미밥,매생이국,베이컨감자볶음,쌀밥/차조밥/찰현미밥,매운쇠고기샤브샤브,하와이언함박스테이크,흑미밥,아귀매운탕,돈갈비찜
흑임자죽/흑미밥,맑은버섯국,연근호두조림,쌀밥/흑미밥/찰현미밥,건새우아욱국,마파무조림,유부초밥,들깨미역국,페퍼로니치즈피자
누룽지탕/흑미밥,홍합살무국,쪽파숙회,쌀밥/잡곡밥,호박된장국,오리대패불고기,흑미밥,해물까스&타르타르D,느타리버섯볶음
누룽지탕/흑미밥,냉이된장국,비엔나곤약조림,쌀밥/흑미밥/찰현미밥,소고기떡국,봉추찜닭,흑미밥,부대찌개*라면사리,소고기콜라비조림
고구마죽/흑미밥,꽃게탕,유채나물무침,쌀밥/보리밥/찰현미밥,유부된장국,돈육도라지고추장볶음,미니쌀국수,춘권*칠리소스,계란후라이
브로콜리스프/흑미밥,열무된장국,크래미미역줄기볶음,쌀밥/흑미밥/찰현미밥,오리들깨탕,꽁치한마리레몬구이,흑미밥,고기짬뽕국,해물누룽지탕
누룽지탕/흑미밥,사골파국,양념깻잎지,쌀밥/수수밥/찰현미밥,아욱된장국,목살스테이크,흑미밥,고추장찌개,베이컨숙주볶음
영양닭죽/흑미밥,배추된장국,두부동그랑땡,쌀밥/흑미밥/찰현미밥,콩나물맑은국,매운소고기낙지볶음,흑미밥,감자양파국,돈육김치볶음
누룽지탕/흑미밥,호박새우젓국,스팸구이,쌀밥/흑미밥/찰현미밥,미역국,오리대패불고기,흑미밥,옹심이국,쇠고기숙주볶음
채소죽/흑미밥,참치김치찌개,우엉땅콩조림,쌀밥/검정콩밥/찰현미밥,된장찌개,콩나물볶음,흑미밥,맑은버섯국,순대들깨볶음
양송이스프/흑미밥,들깨무채국,매운사태조림,쌀밥/흑미밥/찰현미밥,시금치된장국,돈육두루치기,알리오올리오/추가밥,가쓰오장국,수제치킨까스
누룽지탕/흑미밥,동태탕,건파래볶음,쌀밥/차조밥/찰현미밥,콩나물김칫국,소갈비찜,흑미밥,홍합탕,오삼불고기
낙지죽/흑미밥,황태국,시래기지짐,쌀밥/흑미밥/찰현미밥,뼈없는감자탕,고등어구이*와사비장,흑미밥,순두부백탕,닭볶음탕
누룽지탕/흑미밥,꽃게탕,파래김*달래양념장,쌀밥/흑미밥/찰현미밥,어묵국,춘천닭갈비,흑미밥,배추된장국,낙지미나리볶음
콩죽/흑미밥,근대된장국,토란탕,쌀밥/기장밥/찰현미밥,맑은콩나물국,삼겹살김치찜,흑미밥,북어짬뽕국,만가닥버섯불고기
크루통크림스프/흑미밥,아귀지리,마늘종숙회,쌀밥/흑미밥/찰현미밥,아욱국,수제함박스테이크,김치볶음밥,미니쫄우동*맛살튀김,브로콜리깨소스무침
누룽지탕/흑미밥,떡국,해물땡굴소스볶음,쌀밥/수수밥/찰현미밥,냉이된장국,동파육,흑미밥,쇠고기무국,삼치양념구이
흑임자죽/흑미밥,바지락살국,두부조림,전주비빔밥*약고추장,계란파국,요거닭,흑미밥,수제비국,수제맛쵸킹탕수육
누룽지탕/흑미밥,감자양파국,분홍소세지구이*케찹,쌀밥/흑미밥/찰현미밥,전주식콩나물해장국,돈육간장불고기,흑미밥,열무된장국,장어강정*데리야끼소스
참치죽/흑미밥,홍합탕,애호박새우젓볶음,쌀밥/귀리밥/찰현미밥,들깨미역국,교촌간장치킨,잔치국수,수제고기육전,쑥갓나물
